Lake,Population,Family,Source,Cup#,Ploidy,SexAsex,G1Label,Grandbaby,FinalLength,AgeAtMaturity,GrowthPerDay3mm,Growthperday3toReproduction,DiedOrReproduced
Alexandrina,AlexIsoetes,AI1,Field,1,Triploid,Asex,AI1F,,#NULL!,#NULL!,#NULL!,#NULL!,DEAD
Alexandrina,AlexIsoetes,AI1,Field,1,Triploid,Asex,AI1G,,#NULL!,#NULL!,#NULL!,#NULL!,DEAD
Alexandrina,AlexIsoetes,AI1,Field,1,Triploid,Asex,AI1E,AI1E-GB,4.351,201,0.028302,0.0458,GRANDBABY
Alexandrina,AlexIsoetes,AI1,Field,1,Triploid,Asex,AI1A1,AI1A1-GB,#NULL!,215,0.022388,#NULL!,GRANDBABY
Alexandrina,AlexIsoetes,AI1,Field,1,Triploid,Asex,AI1B,AI1B-GB,5.074,220,0.020548,0.0686,GRANDBABY
Alexandrina,AlexIsoetes,AI1,Field,1,Triploid,Asex,AI1D,AI1D-GB,4.629,313,#NULL!,#NULL!,GRANDBABY
Alexandrina,AlexIsoetes,AI1,Field,1,Triploid,Asex,AI1H,AI1H-GB,4.886,416,0.008772,0.0660,GRANDBABY
Alexandrina,AlexIsoetes,AI2,Field,2,Diploid,Sex,AI2B,,#NULL!,#NULL!,0.019608,#NULL!,DEAD
Alexandrina,AlexIsoetes,AI2,Field,2,Diploid,Sex,AI2C,,#NULL!,#NULL!,#NULL!,#NULL!,DEAD
Alexandrina,AlexIsoetes,AI2,Field,2,Diploid,Sex,AI2D,,#NULL!,#NULL!,#NULL!,#NULL!,DEAD
Alexandrina,AlexIsoetes,AI2,Field,2,Diploid,Sex,AI2E,,#NULL!,#NULL!,#NULL!,#NULL!,DEAD
Alexandrina,AlexIsoetes,AI2,Field,2,Diploid,Sex,AI2F,,#NULL!,#NULL!,#NULL!,#NULL!,DEAD
Alexandrina,AlexIsoetes,AI2,Field,2,Diploid,Sex,AI2G,,#NULL!,#NULL!,#NULL!,#NULL!,DEAD
Alexandrina,AlexIsoetes,AI2,Field,2,Diploid,Sex,AI2H,,#NULL!,#NULL!,#NULL!,#NULL!,DEAD
Alexandrina,AlexIsoetes,AI2,Field,2,Diploid,Sex,AI2A,AI2A-GB,5.527,362,0.019608,0.0264,GRANDBABY
Alexandrina,AlexIsoetes,AI3,Field,3,Triploid,Asex,AI3A,,#NULL!,#NULL!,0.012000,#NULL!,DEAD
Alexandrina,AlexIsoetes,AI3,Field,3,Triploid,Asex,AI3B,,#NULL!,#NULL!,#NULL!,#NULL!,DEAD
Alexandrina,AlexIsoetes,AI3,Field,3,Triploid,Asex,AI3C,,#NULL!,#NULL!,#NULL!,#NULL!,DEAD
Alexandrina,AlexIsoetes,AI3,Field,3,Triploid,Asex,AI3D,,#NULL!,#NULL!,0.016393,#NULL!,DEAD
Alexandrina,AlexIsoetes,AI3,Field,3,Triploid,Asex,AI3E,,#NULL!,#NULL!,#NULL!,#NULL!,DEAD
Alexandrina,AlexIsoetes,AI3,Field,3,Triploid,Asex,AI3F,,#NULL!,#NULL!,#NULL!,#NULL!,DEAD
Alexandrina,AlexIsoetes,AI3,Field,3,Triploid,Asex,AI3G,,#NULL!,#NULL!,#NULL!,#NULL!,DEAD
Alexandrina,AlexIsoetes,AI3,Field,3,Triploid,Asex,AI3H,,#NULL!,#NULL!,#NULL!,#NULL!,DEAD
Alexandrina,AlexIsoetes,AI4,Field,4,Triploid,Asex,AI4A,,#NULL!,#NULL!,#NULL!,#NULL!,DEAD
Alexandrina,AlexIsoetes,AI4,Field,4,Triploid,Asex,AI4B,,#NULL!,#NULL!,#NULL!,#NULL!,DEAD
Alexandrina,AlexIsoetes,AI4,Field,4,Triploid,Asex,AI4C,,#NULL!,#NULL!,#NULL!,#NULL!,DEAD
Alexandrina,AlexIsoetes,AI4,Field,4,Triploid,Asex,AI4E,,#NULL!,#NULL!,#NULL!,#NULL!,DEAD
Alexandrina,AlexIsoetes,AI4,Field,4,Triploid,Asex,AI4H,,#NULL!,#NULL!,#NULL!,#NULL!,DEAD
Alexandrina,AlexIsoetes,AI4,Field,4,Triploid,Asex,AI4G,AI4G-GB,4.249,257,0.017751,0.0483,GRANDBABY
Alexandrina,AlexIsoetes,AI4,Field,4,Triploid,Asex,AI4F,AI4F-GB,4.539,359,0.010417,0.0639,GRANDBABY
Alexandrina,AlexIsoetes,AI4,Field,4,Triploid,Asex,AI4D,AI4D-GB,5.335,526,0.006579,0.0762,GRANDBABY
Alexandrina,AlexIsoetes,AI6,Field,6,Triploid,Asex,AI6A,,#NULL!,#NULL!,#NULL!,#NULL!,DEAD
Alexandrina,AlexIsoetes,AI6,Field,6,Triploid,Asex,AI6B,,#NULL!,#NULL!,#NULL!,#NULL!,DEAD
Alexandrina,AlexIsoetes,AI6,Field,6,Triploid,Asex,AI6E,,#NULL!,#NULL!,0.013216,#NULL!,DEAD
Alexandrina,AlexIsoetes,AI6,Field,6,Triploid,Asex,AI6H,,#NULL!,#NULL!,#NULL!,#NULL!,DEAD
Alexandrina,AlexIsoetes,AI6,Field,6,Triploid,Asex,AI6G,AI6G-GB,3.998,212,0.023077,0.0488,GRANDBABY
Alexandrina,AlexIsoetes,AI6,Field,6,Triploid,Asex,AI6C,AI6C-GB,4.957,241,0.015957,0.0935,GRANDBABY
Alexandrina,AlexIsoetes,AI6,Field,6,Triploid,Asex,AI6D,AI6D-GB,5.308,285,0.017241,0.0478,GRANDBABY
Alexandrina,AlexIsoetes,AI6,Field,6,Triploid,Asex,AI6F,AI6F-GB,4.677,310,#NULL!,#NULL!,GRANDBABY
Alexandrina,AlexIsoetes,AI7,Field,7,Triploid,Asex,AI7B,,#NULL!,#NULL!,#NULL!,#NULL!,DEAD
Alexandrina,AlexIsoetes,AI7,Field,7,Triploid,Asex,AI7C,,#NULL!,#NULL!,#NULL!,#NULL!,DEAD
Alexandrina,AlexIsoetes,AI7,Field,7,Triploid,Asex,AI7A,AI7A-GB,5.076,380,0.021583,0.0211,GRANDBABY
Alexandrina,AlexIsoetes,AI10,Field,10,Triploid,Asex,AI10A,,#NULL!,#NULL!,0.012097,#NULL!,DEAD
Alexandrina,AlexIsoetes,AI10,Field,10,Triploid,Asex,AI10B,,#NULL!,#NULL!,#NULL!,#NULL!,DEAD
Alexandrina,AlexIsoetes,AI10,Field,10,Triploid,Asex,AI10C,,#NULL!,#NULL!,#NULL!,#NULL!,DEAD
Alexandrina,AlexIsoetes,AI10,Field,10,Triploid,Asex,AI10E,,#NULL!,#NULL!,#NULL!,#NULL!,DEAD
Alexandrina,AlexIsoetes,AI10,Field,10,Triploid,Asex,AI10F,,#NULL!,#NULL!,#NULL!,#NULL!,DEAD
Alexandrina,AlexIsoetes,AI10,Field,10,Triploid,Asex,AI10G,,#NULL!,#NULL!,#NULL!,#NULL!,DEAD
Alexandrina,AlexIsoetes,AI10,Field,10,Triploid,Asex,AI10G,,#NULL!,#NULL!,#NULL!,#NULL!,DEAD
Alexandrina,AlexIsoetes,AI10,Field,10,Triploid,Asex,AI10H,,#NULL!,#NULL!,#NULL!,#NULL!,DEAD
Alexandrina,AlexIsoetes,AI10,Field,10,Triploid,Asex,AI10D,AI10D-GB,5.586,350,0.015873,0.0347,GRANDBABY
Alexandrina,AlexIsoetes,AI12,Field,12,Triploid,Asex,AI12B,,#NULL!,#NULL!,#NULL!,#NULL!,DEAD
Alexandrina,AlexIsoetes,AI12,Field,12,Triploid,Asex,AI12C,,#NULL!,#NULL!,#NULL!,#NULL!,DEAD
Alexandrina,AlexIsoetes,AI12,Field,12,Triploid,Asex,AI12D,,#NULL!,#NULL!,#NULL!,#NULL!,DEAD
Alexandrina,AlexIsoetes,AI12,Field,12,Triploid,Asex,AI12E,,#NULL!,#NULL!,#NULL!,#NULL!,DEAD
Alexandrina,AlexIsoetes,AI12,Field,12,Triploid,Asex,AI12F,,#NULL!,#NULL!,#NULL!,#NULL!,DEAD
Alexandrina,AlexIsoetes,AI12,Field,12,Triploid,Asex,AI12G,,#NULL!,#NULL!,#NULL!,#NULL!,DEAD
Alexandrina,AlexIsoetes,AI12,Field,12,Triploid,Asex,AI12H,,#NULL!,#NULL!,#NULL!,#NULL!,DEAD
Alexandrina,AlexIsoetes,AI12,Field,12,Triploid,Asex,AI12A,AI12A-GB,5.092,166,0.030928,0.0738,GRANDBABY
Alexandrina,AlexIsoetes,AI13,Field,13,Diploid,Sex,AI13B,,#NULL!,#NULL!,#NULL!,#NULL!,DEAD
Alexandrina,AlexIsoetes,AI13,Field,13,Diploid,Sex,AI13C,,#NULL!,#NULL!,#NULL!,#NULL!,DEAD
Alexandrina,AlexIsoetes,AI13,Field,13,Diploid,Sex,AI13D,,#NULL!,#NULL!,#NULL!,#NULL!,DEAD
Alexandrina,AlexIsoetes,AI13,Field,13,Diploid,Sex,AI13E,,#NULL!,#NULL!,#NULL!,#NULL!,DEAD
Alexandrina,AlexIsoetes,AI13,Field,13,Diploid,Sex,AI13G,,#NULL!,#NULL!,0.010638,#NULL!,DEAD
Alexandrina,AlexIsoetes,AI13,Field,13,Diploid,Sex,AI13F,AI13F-GB,5.618,380,0.009375,0.0936,GRANDBABY
Alexandrina,AlexIsoetes,AI13,Field,13,Diploid,Sex,AI13A,AI13A-GB,5.016,381,0.012295,0.0366,GRANDBABY
Alexandrina,AlexIsoetes,AI13,Field,13,Diploid,Sex,AI13H,AI13H-GB,4.093,397,0.010638,0.0356,GRANDBABY
Alexandrina,AlexIsoetes,AI16,Field,16,Diploid,Sex,AI16A,,#NULL!,#NULL!,#NULL!,#NULL!,DEAD
Alexandrina,AlexIsoetes,AI16,Field,16,Diploid,Sex,AI16B,,#NULL!,#NULL!,#NULL!,#NULL!,DEAD
Alexandrina,AlexIsoetes,AI16,Field,16,Diploid,Sex,AI16C,,#NULL!,#NULL!,#NULL!,#NULL!,DEAD
Alexandrina,AlexIsoetes,AI16,Field,16,Diploid,Sex,AI16E,,#NULL!,#NULL!,0.030303,#NULL!,DEAD
Alexandrina,AlexIsoetes,AI16,Field,16,Diploid,Sex,AI16G,,#NULL!,#NULL!,#NULL!,#NULL!,DEAD
Alexandrina,AlexIsoetes,AI16,Field,16,Diploid,Sex,AI16D,AI16D-GB,5.180,378,0.029703,0.0187,GRANDBABY
Alexandrina,AlexIsoetes,AI16,Field,16,Diploid,Sex,AI16F,AI16F-GB,4.869,459,0.010870,0.0266,GRANDBABY
Alexandrina,AlexIsoetes,AI17,Field,17,Triploid,Asex,AI17D,,#NULL!,#NULL!,#NULL!,#NULL!,DEAD
Alexandrina,AlexIsoetes,AI17,Field,17,Triploid,Asex,AI17E,,#NULL!,#NULL!,#NULL!,#NULL!,DEAD
Alexandrina,AlexIsoetes,AI17,Field,17,Triploid,Asex,AI17F,,#NULL!,#NULL!,#NULL!,#NULL!,DEAD
Alexandrina,AlexIsoetes,AI17,Field,17,Triploid,Asex,AI17G,,#NULL!,#NULL!,#NULL!,#NULL!,DEAD
Alexandrina,AlexIsoetes,AI17,Field,17,Triploid,Asex,AI17H,,#NULL!,#NULL!,#NULL!,#NULL!,DEAD
Alexandrina,AlexIsoetes,AI17,Field,17,Triploid,Asex,AI17C,AI17C-GB,6.033,430,0.012448,0.0319,GRANDBABY
Alexandrina,AlexIsoetes,AI18,Field,18,Triploid,Asex,AI18A,,#NULL!,#NULL!,#NULL!,#NULL!,DEAD
Alexandrina,AlexIsoetes,AI18,Field,18,Triploid,Asex,AI18B,,#NULL!,#NULL!,#NULL!,#NULL!,DEAD
Alexandrina,AlexIsoetes,AI18,Field,18,Triploid,Asex,AI18E,,#NULL!,#NULL!,#NULL!,#NULL!,DEAD
Alexandrina,AlexIsoetes,AI18,Field,18,Triploid,Asex,AI18D,AI18D-GB,5.370,250,0.032609,0.0340,GRANDBABY
Alexandrina,AlexIsoetes,AI18,Field,18,Triploid,Asex,AI18C,AI18C-GB,5.202,315,0.022388,0.0287,GRANDBABY
Alexandrina,AlexIsoetes,AI18,Field,18,Triploid,Asex,AI18D,AI18D-GB,4.786,329,0.011029,0.0840,GRANDBABY
Alexandrina,AlexIsoetes,AI19,Field,19,Triploid,Asex,AI19A,,#NULL!,#NULL!,#NULL!,#NULL!,DEAD
Alexandrina,AlexIsoetes,AI19,Field,19,Triploid,Asex,AI19B,,#NULL!,#NULL!,#NULL!,#NULL!,DEAD
Alexandrina,AlexIsoetes,AI19,Field,19,Triploid,Asex,AI19D,,#NULL!,#NULL!,#NULL!,#NULL!,DEAD
Alexandrina,AlexIsoetes,AI19,Field,19,Triploid,Asex,AI19E,,#NULL!,#NULL!,#NULL!,#NULL!,DEAD
Alexandrina,AlexIsoetes,AI19,Field,19,Triploid,Asex,AI19G,,#NULL!,#NULL!,#NULL!,#NULL!,DEAD
Alexandrina,AlexIsoetes,AI19,Field,19,Triploid,Asex,AI19H,AI19H-GB,4.603,184,0.032609,0.0500,GRANDBABY
Alexandrina,AlexIsoetes,AI19,Field,19,Triploid,Asex,AI19F,AI19F-GB,4.995,243,0.019608,0.0555,GRANDBABY
Alexandrina,AlexIsoetes,AI19,Field,19,Triploid,Asex,AI19C,AI19C-GB,4.014,270,0.019108,0.0355,GRANDBABY
Alexandrina,AlexIsoetes,AI19,Field,19,Triploid,Asex,AI19CI,AI19C1-GB,3.959,493,0.006865,0.0707,GRANDBABY
Alexandrina,AlexShallow,AS21,Field,21,Triploid,Asex,AS21A,AS21A-GB,4.413,163,0.037500,0.0532,GRANDBABY
Alexandrina,AlexShallow,AS21,Field,21,Triploid,Asex,AS21HI,AS21H1-GB,4.875,221,0.024590,0.0492,GRANDBABY
Alexandrina,AlexShallow,AS21,Field,21,Triploid,Asex,AS21H,AS21H-GB,4.566,226,0.024590,0.0439,GRANDBABY
Alexandrina,AlexShallow,AS21,Field,21,Triploid,Asex,AS21E,AS21E-GB,4.651,231,#NULL!,#NULL!,GRANDBABY
Alexandrina,AlexShallow,AS21,Field,21,Triploid,Asex,AS21C,AS21C-GB,3.969,235,#NULL!,#NULL!,GRANDBABY
Alexandrina,AlexShallow,AS21,Field,21,Triploid,Asex,AS21F,AS21F-GB,4.851,242,0.017544,0.0683,GRANDBABY
Alexandrina,AlexShallow,AS21,Field,21,Triploid,Asex,AS21D,AS21D-GB,5.239,332,#NULL!,#NULL!,GRANDBABY
Alexandrina,AlexShallow,AS21,Field,21,Triploid,Asex,AS21B,AS21B-GB,4.496,345,#NULL!,#NULL!,GRANDBABY
Alexandrina,AlexShallow,AS21,Field,21,Triploid,Asex,AS21G,AS21G-GB,4.878,450,0.007353,0.1161,GRANDBABY
Alexandrina,AlexShallow,AS22,Field,22,Diploid,Sex,AS22B,,#NULL!,#NULL!,0.026786,#NULL!,DEAD
Alexandrina,AlexShallow,AS22,Field,22,Diploid,Sex,AS22D,,#NULL!,#NULL!,0.015385,#NULL!,DEAD
Alexandrina,AlexShallow,AS22,Field,22,Diploid,Sex,AS22F,,#NULL!,#NULL!,#NULL!,#NULL!,DEAD
Alexandrina,AlexShallow,AS22,Field,22,Diploid,Sex,AS22G,,#NULL!,#NULL!,#NULL!,#NULL!,DEAD
Alexandrina,AlexShallow,AS22,Field,22,Diploid,Sex,AS22A,,#NULL!,#NULL!,0.025000,#NULL!,DEAD
Alexandrina,AlexShallow,AS22,Field,22,Diploid,Sex,AS22C,,#NULL!,#NULL!,#NULL!,#NULL!,DEAD
Alexandrina,AlexShallow,AS22,Field,22,Diploid,Sex,AS22D,,#NULL!,#NULL!,#NULL!,#NULL!,DEAD
Alexandrina,AlexShallow,AS22,Field,22,Diploid,Sex,AS22E,AS22E-GB,4.634,301,0.025424,0.0253,GRANDBABY
Alexandrina,AlexShallow,AS26,Field,26,Triploid,Asex,AS26F,,#NULL!,#NULL!,#NULL!,#NULL!,DEAD
Alexandrina,AlexShallow,AS26,Field,26,Triploid,Asex,AS26G,,#NULL!,#NULL!,#NULL!,#NULL!,DEAD
Alexandrina,AlexShallow,AS26,Field,26,Triploid,Asex,AS26H,,#NULL!,#NULL!,#NULL!,#NULL!,DEAD
Alexandrina,AlexShallow,AS26,Field,26,Triploid,Asex,AS26A,AS26A-GB,5.083,117,0.031915,0.2210,GRANDBABY
Alexandrina,AlexShallow,AS26,Field,26,Triploid,Asex,AS26D,AS26D-GB,5.197,135,0.024590,0.3998,GRANDBABY
Alexandrina,AlexShallow,AS26,Field,26,Triploid,Asex,AS26D1,AS26D1-GB,#NULL!,180,0.028302,#NULL!,GRANDBABY
Alexandrina,AlexShallow,AS26,Field,26,Triploid,Asex,AS26C,AS26C-GB,#NULL!,205,0.027778,#NULL!,GRANDBABY
Alexandrina,AlexShallow,AS26,Field,26,Triploid,Asex,AS26B,AS26B-GB,4.272,217,#NULL!,#NULL!,GRANDBABY
Alexandrina,AlexShallow,AS27,Field,27,Triploid,Asex,AS27A,,#NULL!,#NULL!,#NULL!,#NULL!,DEAD
Alexandrina,AlexShallow,AS27,Field,27,Triploid,Asex,AS27F,,#NULL!,#NULL!,#NULL!,#NULL!,DEAD
Alexandrina,AlexShallow,AS27,Field,27,Triploid,Asex,AS27G,,#NULL!,#NULL!,0.015707,#NULL!,DEAD
Alexandrina,AlexShallow,AS27,Field,27,Triploid,Asex,AS27H,,#NULL!,#NULL!,#NULL!,#NULL!,DEAD
Alexandrina,AlexShallow,AS27,Field,27,Triploid,Asex,AS27E,AS27E-GB,5.140,154,#NULL!,#NULL!,GRANDBABY
Alexandrina,AlexShallow,AS27,Field,27,Triploid,Asex,AS27D,AS27D-GB,5.147,242,0.020000,0.0559,GRANDBABY
Alexandrina,AlexShallow,AS27,Field,27,Triploid,Asex,AS27C,AS27C-GB,5.282,308,0.023256,0.0295,GRANDBABY
Alexandrina,AlexShallow,AS27,Field,27,Triploid,Asex,AS27B,AS27B-GB,5.360,336,0.011450,0.0724,GRANDBABY
Alexandrina,AlexShallow,AS31,Field,31,Diploid,Sex,AS31A,,#NULL!,#NULL!,#NULL!,#NULL!,DEAD
Alexandrina,AlexShallow,AS31,Field,31,Diploid,Sex,AS31A,,#NULL!,#NULL!,#NULL!,#NULL!,DEAD
Alexandrina,AlexShallow,AS31,Field,31,Diploid,Sex,AS31D,,#NULL!,#NULL!,#NULL!,#NULL!,DEAD
Alexandrina,AlexShallow,AS31,Field,31,Diploid,Sex,AS31G,,#NULL!,#NULL!,#NULL!,#NULL!,DEAD
Alexandrina,AlexShallow,AS31,Field,31,Diploid,Sex,AS31F,,#NULL!,#NULL!,0.009646,#NULL!,DEAD
Alexandrina,AlexShallow,AS31,Field,31,Diploid,Sex,AS31H,AS31H-GB,5.186,282,0.027778,0.0298,GRANDBABY
Alexandrina,AlexShallow,AS31,Field,31,Diploid,Sex,AS31C,AS31C-GB,5.338,338,#NULL!,#NULL!,GRANDBABY
Alexandrina,AlexShallow,AS31,Field,31,Diploid,Sex,AS31B,AS31B-GB,5.267,396,0.027778,0.0183,GRANDBABY
Alexandrina,AlexShallow,AS31,Field,31,Diploid,Sex,AS31B,,5.301,399,0.023256,0.0196,GRANDBABY
Alexandrina,AlexShallow,AS31,Field,31,Diploid,Sex,AS31E,AS31E-GB,4.791,647,0.010601,0.0132,GRANDBABY
Alexandrina,AlexShallow,AS32,Field,32,Triploid,Asex,AS32E,,#NULL!,#NULL!,#NULL!,#NULL!,DEAD
Alexandrina,AlexShallow,AS32,Field,32,Triploid,Asex,AS32G,,#NULL!,#NULL!,#NULL!,#NULL!,DEAD
Alexandrina,AlexShallow,AS32,Field,32,Triploid,Asex,AS32B,AS32B-GB,5.600,159,0.043478,0.0622,GRANDBABY
Alexandrina,AlexShallow,AS32,Field,32,Triploid,Asex,AS32D,AS32D-GB,5.264,187,0.028302,0.0650,GRANDBABY
Alexandrina,AlexShallow,AS32,Field,32,Triploid,Asex,AS32H,AS32H-GB,#NULL!,252,0.026087,#NULL!,GRANDBABY
Alexandrina,AlexShallow,AS32,Field,32,Triploid,Asex,AS32C,AS32C-GB,5.992,259,0.024000,0.0447,GRANDBABY
Alexandrina,AlexShallow,AS32,Field,32,Triploid,Asex,AS32F,AS32F-GB,5.259,271,#NULL!,#NULL!,GRANDBABY
Alexandrina,AlexShallow,AS32,Field,32,Triploid,Asex,AS32A,AS32A-GB,5.177,294,#NULL!,#NULL!,GRANDBABY
Alexandrina,AlexShallow,AS35,Field,35,Triploid,Asex,AS35A,,#NULL!,#NULL!,#NULL!,#NULL!,DEAD
Alexandrina,AlexShallow,AS35,Field,35,Triploid,Asex,AS35D,,#NULL!,#NULL!,#NULL!,#NULL!,DEAD
Alexandrina,AlexShallow,AS35,Field,35,Triploid,Asex,AS35E,,#NULL!,#NULL!,#NULL!,#NULL!,DEAD
Alexandrina,AlexShallow,AS35,Field,35,Triploid,Asex,AS35F,,#NULL!,#NULL!,#NULL!,#NULL!,DEAD
Alexandrina,AlexShallow,AS35,Field,35,Triploid,Asex,AS35G,,#NULL!,#NULL!,#NULL!,#NULL!,DEAD
Alexandrina,AlexShallow,AS35,Field,35,Triploid,Asex,AS35H,,#NULL!,#NULL!,#NULL!,#NULL!,DEAD
Alexandrina,AlexShallow,AS35,Field,35,Triploid,Asex,AS35C,,#NULL!,#NULL!,#NULL!,#NULL!,DEAD
Alexandrina,AlexShallow,AS35,Field,35,Triploid,Asex,AS35B,AS35B-GB,#NULL!,184,0.019108,#NULL!,GRANDBABY
Alexandrina,AlexShallow,AS36,Field,36,Triploid,Asex,AS36D,,#NULL!,#NULL!,#NULL!,#NULL!,DEAD
Alexandrina,AlexShallow,AS36,Field,36,Triploid,Asex,AS36E,,#NULL!,#NULL!,#NULL!,#NULL!,DEAD
Alexandrina,AlexShallow,AS36,Field,36,Triploid,Asex,AS36F,,#NULL!,#NULL!,#NULL!,#NULL!,DEAD
Alexandrina,AlexShallow,AS36,Field,36,Triploid,Asex,AS36H,,#NULL!,#NULL!,#NULL!,#NULL!,DEAD
Alexandrina,AlexShallow,AS36,Field,36,Triploid,Asex,AS36G,AS36G-GB,5.085,185,0.027027,0.0687,GRANDBABY
Alexandrina,AlexShallow,AS36,Field,36,Triploid,Asex,AS36A,AS36A-GB,4.874,379,0.025424,0.0187,GRANDBABY
Alexandrina,AlexShallow,AS37,Field,37,Diploid,Sex,AS37A,,#NULL!,#NULL!,#NULL!,#NULL!,DEAD
Alexandrina,AlexShallow,AS37,Field,37,Diploid,Sex,AS37D,,#NULL!,#NULL!,#NULL!,#NULL!,DEAD
Alexandrina,AlexShallow,AS37,Field,37,Diploid,Sex,AS37E,,#NULL!,#NULL!,#NULL!,#NULL!,DEAD
Alexandrina,AlexShallow,AS37,Field,37,Diploid,Sex,AS37F,,#NULL!,#NULL!,#NULL!,#NULL!,DEAD
Alexandrina,AlexShallow,AS37,Field,37,Diploid,Sex,AS37G,,#NULL!,#NULL!,#NULL!,#NULL!,DEAD
Alexandrina,AlexShallow,AS37,Field,37,Diploid,Sex,AS37H,,#NULL!,#NULL!,#NULL!,#NULL!,DEAD
Alexandrina,AlexShallow,AS37,Field,37,Diploid,Sex,AS37C,AS37C-GB,5.063,275,0.031915,0.0280,GRANDBABY
Alexandrina,AlexShallow,AS37,Field,37,Diploid,Sex,AS37B,AS37B-GB,5.205,385,0.017544,0.0243,GRANDBABY
Alexandrina,AlexShallow,AS38,Field,38,Diploid,Sex,AS38A,,#NULL!,#NULL!,#NULL!,#NULL!,DEAD
Alexandrina,AlexShallow,AS38,Field,38,Diploid,Sex,AS38A,,#NULL!,#NULL!,#NULL!,#NULL!,DEAD
Alexandrina,AlexShallow,AS38,Field,38,Diploid,Sex,AS38B,,#NULL!,#NULL!,#NULL!,#NULL!,DEAD
Alexandrina,AlexShallow,AS38,Field,38,Diploid,Sex,AS38D,,#NULL!,#NULL!,#NULL!,#NULL!,DEAD
Alexandrina,AlexShallow,AS38,Field,38,Diploid,Sex,AS38E,,#NULL!,#NULL!,#NULL!,#NULL!,DEAD
Alexandrina,AlexShallow,AS38,Field,38,Diploid,Sex,AS38F,,#NULL!,#NULL!,#NULL!,#NULL!,DEAD
Alexandrina,AlexShallow,AS38,Field,38,Diploid,Sex,AS38H,AS38H-GB,5.250,105,#NULL!,#NULL!,GRANDBABY
Alexandrina,AlexShallow,AS38,Field,38,Diploid,Sex,AS38G,AS38G-GB,5.432,247,#NULL!,#NULL!,GRANDBABY
Alexandrina,AlexShallow,AS38,Field,38,Diploid,Sex,AS38C,AS38C-GB,4.350,313,0.015789,0.0354,GRANDBABY
Alexandrina,AlexShallow,AS38,Field,38,Diploid,Sex,AS38G1,AS38G1-GB,5.636,320,#NULL!,#NULL!,GRANDBABY
Alexandrina,AlexShallow,AS39,Field,39,Triploid,Asex,AS39E,,#NULL!,#NULL!,#NULL!,#NULL!,DEAD
Alexandrina,AlexShallow,AS39,Field,39,Triploid,Asex,AS39A,AS39A-GB,5.940,144,#NULL!,#NULL!,GRANDBABY
Alexandrina,AlexShallow,AS39,Field,39,Triploid,Asex,AS39G,AS39G-GB,5.512,154,0.035294,0.0799,GRANDBABY
Alexandrina,AlexShallow,AS39,Field,39,Triploid,Asex,AS39D,AS39D-GB,#NULL!,156,#NULL!,#NULL!,GRANDBABY
Alexandrina,AlexShallow,AS39,Field,39,Triploid,Asex,AS39C,AS39C-GB,5.627,196,#NULL!,#NULL!,GRANDBABY
Alexandrina,AlexShallow,AS39,Field,39,Triploid,Asex,AS39H,AS39H-GB,4.070,200,#NULL!,#NULL!,GRANDBABY
Alexandrina,AlexShallow,AS39,Field,39,Triploid,Asex,AS39B,AS39B-GB,#NULL!,213,#NULL!,#NULL!,GRANDBABY
Alexandrina,AlexShallow,AS39,Field,39,Triploid,Asex,AS39F,AS39F-GB,6.113,275,0.035294,0.0322,GRANDBABY
Alexandrina,AlexShallow,AS39,Field,39,Triploid,Asex,AS39F1,AS39F1-GB,4.121,296,0.015228,0.0416,GRANDBABY
Clearwater,Clearwater01,CW1-146,Lab,146,Triploid,Asex,CW1-146B,,#NULL!,#NULL!,#NULL!,#NULL!,DEAD
Clearwater,Clearwater01,CW1-146,Lab,146,Triploid,Asex,CW1-146C,,#NULL!,#NULL!,#NULL!,#NULL!,DEAD
Clearwater,Clearwater01,CW1-146,Lab,146,Triploid,Asex,CW1-146F,,#NULL!,#NULL!,#NULL!,#NULL!,DEAD
Clearwater,Clearwater01,CW1-146,Lab,146,Triploid,Asex,CW1-146G,,#NULL!,#NULL!,#NULL!,#NULL!,DEAD
Clearwater,Clearwater01,CW1-146,Lab,146,Triploid,Asex,CW1-146H,,#NULL!,#NULL!,#NULL!,#NULL!,DEAD
Clearwater,Clearwater01,CW1-146,Lab,146,Triploid,Asex,CW1-146I,,#NULL!,#NULL!,#NULL!,#NULL!,DEAD
Clearwater,Clearwater01,CW1-146,Lab,146,Triploid,Asex,CW1-146J,,#NULL!,#NULL!,#NULL!,#NULL!,DEAD
Clearwater,Clearwater01,CW1-146,Lab,146,Triploid,Asex,CW1-146L,,#NULL!,#NULL!,#NULL!,#NULL!,DEAD
Clearwater,Clearwater01,CW1-146,Lab,146,Triploid,Asex,CW1-146A,CW1-146A-GB,#NULL!,177,0.021898,#NULL!,GRANDBABY
Clearwater,Clearwater01,CW1-146,Lab,146,Triploid,Asex,CW1-146E,CW1-146E-GB,4.321,183,0.025000,0.0686,GRANDBABY
Clearwater,Clearwater01,CW1-146,Lab,146,Triploid,Asex,CW1-146D,CW1-146D-GB,3.403,248,0.015544,0.0619,GRANDBABY
Clearwater,Clearwater01,CW1-146,Lab,146,Triploid,Asex,CW1-146K,CW1-146K-GB,3.826,438,0.007335,0.1319,GRANDBABY
Clearwater,Clearwater04,CW1-147,Lab,147,Triploid,Asex,CW4-147F,,#NULL!,#NULL!,#NULL!,#NULL!,DEAD
Clearwater,Clearwater04,CW1-147,Lab,147,Triploid,Asex,CW4-147G,CW4-147G-GB,5.211,158,0.029703,0.0914,GRANDBABY
Clearwater,Clearwater04,CW1-147,Lab,147,Triploid,Asex,CW4-147H,CW4-147H-GB,5.634,175,0.031915,0.0696,GRANDBABY
Clearwater,Clearwater04,CW1-147,Lab,147,Triploid,Asex,CW4-147B,CW4-147B-GB,5.350,186,0.024590,0.0836,GRANDBABY
Clearwater,Clearwater04,CW1-147,Lab,147,Triploid,Asex,CW4-147E,CW4-147E-GB,#NULL!,236,0.024000,#NULL!,GRANDBABY
Clearwater,Clearwater04,CW1-147,Lab,147,Triploid,Asex,CW4-147A,CW4-147A-GB,5.335,252,0.019608,0.0539,GRANDBABY
Clearwater,Clearwater04,CW1-147,Lab,147,Triploid,Asex,CW4-147C,CW4-147C-GB,4.712,315,0.018519,0.0308,GRANDBABY
Clearwater,Clearwater04,CW1-147,Lab,147,Triploid,Asex,CW4-147D,CW4-147D-GB,4.574,366,0.019608,0.0215,GRANDBABY
Grasmere,Grasmere,GR41,Field,41,Triploid,Asex,GR41B,,#NULL!,#NULL!,0.018750,#NULL!,DEAD
Grasmere,Grasmere,GR41,Field,41,Triploid,Asex,GR41F,,#NULL!,#NULL!,0.031915,#NULL!,DEAD
Grasmere,Grasmere,GR41,Field,41,Triploid,Asex,GR41G,,#NULL!,#NULL!,#NULL!,#NULL!,DEAD
Grasmere,Grasmere,GR41,Field,41,Triploid,Asex,GR41A,GR41A-GB,5.963,216,0.024793,0.0628,GRANDBABY
Grasmere,Grasmere,GR41,Field,41,Triploid,Asex,GR41E,GR41E-GB,6.094,216,0.023256,0.0700,GRANDBABY
Grasmere,Grasmere,GR41,Field,41,Triploid,Asex,GR41H,GR41H-GB,5.875,358,0.014706,#NULL!,GRANDBABY
Grasmere,Grasmere,GR41,Field,41,Triploid,Asex,GR41C,GR41C-GB,4.867,380,0.012448,0.0350,GRANDBABY
Grasmere,Grasmere,GR41,Field,41,Triploid,Asex,GR41D,GR41D-GB,5.701,408,0.016854,0.0248,GRANDBABY
Grasmere,Grasmere,GR44,Field,44,Triploid,Asex,GR44E,GR44E-GB,5.808,176,#NULL!,#NULL!,GRANDBABY
Grasmere,Grasmere,GR44,Field,44,Triploid,Asex,GR44E,GR44E-GB,5.950,206,0.017751,0.1608,GRANDBABY
Grasmere,Grasmere,GR44,Field,44,Triploid,Asex,GR44D,GR44D-GB,#NULL!,214,#NULL!,#NULL!,GRANDBABY
Grasmere,Grasmere,GR44,Field,44,Triploid,Asex,GR44B,GR44B-GB,6.015,228,#NULL!,#NULL!,GRANDBABY
Grasmere,Grasmere,GR44,Field,44,Triploid,Asex,GR44A,GR44A-GB,6.510,235,#NULL!,#NULL!,GRANDBABY
Grasmere,Grasmere,GR44,Field,44,Triploid,Asex,GR44H,GR44H-GB,6.186,239,0.039474,0.0380,GRANDBABY
Grasmere,Grasmere,GR44,Field,44,Triploid,Asex,GR44F,GR44F-GB,6.232,280,0.016216,0.0656,GRANDBABY
Grasmere,Grasmere,GR44,Field,44,Triploid,Asex,GR44G,GR44G-GB,5.887,282,0.045455,0.0273,GRANDBABY
Grasmere,Grasmere,GR44,Field,44,Triploid,Asex,GR44C,GR44C-GB,6.932,434,#NULL!,#NULL!,GRANDBABY
Grasmere,Grasmere,GR45,Field,45,Triploid,Asex,GR45A,,#NULL!,#NULL!,#NULL!,#NULL!,DEAD
Grasmere,Grasmere,GR45,Field,45,Triploid,Asex,GR45B,,#NULL!,#NULL!,#NULL!,#NULL!,DEAD
Grasmere,Grasmere,GR45,Field,45,Triploid,Asex,GR45C,,#NULL!,#NULL!,#NULL!,#NULL!,DEAD
Grasmere,Grasmere,GR45,Field,45,Triploid,Asex,GR45D,,#NULL!,#NULL!,#NULL!,#NULL!,DEAD
Grasmere,Grasmere,GR45,Field,45,Triploid,Asex,GR45E,,#NULL!,#NULL!,#NULL!,#NULL!,DEAD
Grasmere,Grasmere,GR45,Field,45,Triploid,Asex,GR45F,,#NULL!,#NULL!,#NULL!,#NULL!,DEAD
Grasmere,Grasmere,GR45,Field,45,Triploid,Asex,GR45H,,#NULL!,#NULL!,#NULL!,#NULL!,DEAD
Grasmere,Grasmere,GR45,Field,45,Triploid,Asex,GR45G,GR45G-GB,5.208,583,0.006742,#NULL!,GRANDBABY
Grasmere,Grasmere,GR48,Field,48,Triploid,Asex,GR48C,,#NULL!,#NULL!,#NULL!,#NULL!,DEAD
Grasmere,Grasmere,GR48,Field,48,Triploid,Asex,GR48D,,#NULL!,#NULL!,#NULL!,#NULL!,DEAD
Grasmere,Grasmere,GR48,Field,48,Triploid,Asex,GR48E,,#NULL!,#NULL!,#NULL!,#NULL!,DEAD
Grasmere,Grasmere,GR48,Field,48,Triploid,Asex,GR48F,,#NULL!,#NULL!,#NULL!,#NULL!,DEAD
Grasmere,Grasmere,GR48,Field,48,Triploid,Asex,GR48G,,#NULL!,#NULL!,#NULL!,#NULL!,DEAD
Grasmere,Grasmere,GR48,Field,48,Triploid,Asex,GR48H,GR48H-GB,4.610,270,0.018293,0.0435,GRANDBABY
Grasmere,Grasmere,GR48,Field,48,Triploid,Asex,GR48B,GR48B-GB,4.355,297,0.014634,0.0473,GRANDBABY
Grasmere,Grasmere,GR48,Field,48,Triploid,Asex,GR48G,GR48G-GB,4.501,364,#NULL!,#NULL!,GRANDBABY
Grasmere,Grasmere,GR48,Field,48,Triploid,Asex,GR48A,GR48A-GB,#NULL!,457,#NULL!,#NULL!,GRANDBABY
Grasmere,Grasmere,GR49,Field,49,Triploid,Asex,GR49A,,#NULL!,#NULL!,#NULL!,#NULL!,DEAD
Grasmere,Grasmere,GR49,Field,49,Triploid,Asex,GR49B,,#NULL!,#NULL!,#NULL!,#NULL!,DEAD
Grasmere,Grasmere,GR49,Field,49,Triploid,Asex,GR49F,,#NULL!,#NULL!,#NULL!,#NULL!,DEAD
Grasmere,Grasmere,GR49,Field,49,Triploid,Asex,GR49G,,#NULL!,#NULL!,#NULL!,#NULL!,DEAD
Grasmere,Grasmere,GR49,Field,49,Triploid,Asex,GR49H,GR49H-GB,#NULL!,206,#NULL!,#NULL!,GRANDBABY
Grasmere,Grasmere,GR49,Field,49,Triploid,Asex,GR49D,GR49D-GB,5.079,220,0.018750,0.0847,GRANDBABY
Grasmere,Grasmere,GR49,Field,49,Triploid,Asex,GR49C,GR49C-GB,5.370,227,0.016575,0.1167,GRANDBABY
Grasmere,Grasmere,GR49,Field,49,Triploid,Asex,GR49E,GR49E-GB,4.631,348,0.011364,0.0551,GRANDBABY
Grasmere,Grasmere,GR50,Field,50,Triploid,Asex,GR50A,,#NULL!,#NULL!,#NULL!,#NULL!,DEAD
Grasmere,Grasmere,GR50,Field,50,Triploid,Asex,GR50B,,#NULL!,#NULL!,#NULL!,#NULL!,DEAD
Grasmere,Grasmere,GR50,Field,50,Triploid,Asex,GR50C,,#NULL!,#NULL!,#NULL!,#NULL!,DEAD
Grasmere,Grasmere,GR50,Field,50,Triploid,Asex,GR50D,,#NULL!,#NULL!,#NULL!,#NULL!,DEAD
Grasmere,Grasmere,GR50,Field,50,Triploid,Asex,GR50G,,#NULL!,#NULL!,#NULL!,#NULL!,DEAD
Grasmere,Grasmere,GR50,Field,50,Triploid,Asex,GR50F,GR50F-GB,4.592,273,0.016393,0.0510,GRANDBABY
Grasmere,Grasmere,GR50,Field,50,Triploid,Asex,GR50E,GR50E-GB,4.864,343,0.016854,0.0295,GRANDBABY
Grasmere,Grasmere,GR51,Field,51,Triploid,Asex,GR51D,,#NULL!,#NULL!,#NULL!,#NULL!,DEAD
Grasmere,Grasmere,GR51,Field,51,Triploid,Asex,GR51E,,#NULL!,#NULL!,#NULL!,#NULL!,DEAD
Grasmere,Grasmere,GR51,Field,51,Triploid,Asex,GR51F,,#NULL!,#NULL!,#NULL!,#NULL!,DEAD
Grasmere,Grasmere,GR51,Field,51,Triploid,Asex,GR51H,,#NULL!,#NULL!,#NULL!,#NULL!,DEAD
Grasmere,Grasmere,GR51,Field,51,Triploid,Asex,GR51C,GR51C-GB,4.962,163,0.026549,0.0992,GRANDBABY
Grasmere,Grasmere,GR51,Field,51,Triploid,Asex,GR51B,GR51B-GB,4.686,203,0.027027,0.0509,GRANDBABY
Grasmere,Grasmere,GR51,Field,51,Triploid,Asex,GR51G,GR51G-GB,5.494,243,#NULL!,#NULL!,GRANDBABY
Grasmere,Grasmere,GR51,Field,51,Triploid,Asex,GR51A,GR51A-GB,4.374,392,0.009346,0.0616,GRANDBABY
Grasmere,Grasmere,GR54,Field,54,Triploid,Asex,GR54F,,#NULL!,#NULL!,#NULL!,#NULL!,DEAD
Grasmere,Grasmere,GR54,Field,54,Triploid,Asex,GR54B,,#NULL!,#NULL!,#NULL!,#NULL!,DEAD
Grasmere,Grasmere,GR54,Field,54,Triploid,Asex,GR54D,GR54D-GB,5.468,135,#NULL!,#NULL!,GRANDBABY
Grasmere,Grasmere,GR54,Field,54,Triploid,Asex,GR54A,GR54A-GB,4.591,205,0.030000,0.0437,GRANDBABY
Grasmere,Grasmere,GR54,Field,54,Triploid,Asex,GR54C,GR54C-GB,4.920,257,0.030000,0.0313,GRANDBABY
Grasmere,Grasmere,GR54,Field,54,Triploid,Asex,GR54H,GR54H-GB,4.967,258,0.024793,0.0363,GRANDBABY
Grasmere,Grasmere,GR54,Field,54,Triploid,Asex,GR54G,GR54G-GB,5.240,281,0.015707,0.0582,GRANDBABY
Grasmere,Grasmere,GR54,Field,54,Triploid,Asex,GR54E,GR54E-GB,5.178,358,0.010638,0.0681,GRANDBABY
Grasmere,Grasmere,GR55,Field,55,Triploid,Asex,GR55A,,#NULL!,#NULL!,#NULL!,#NULL!,DEAD
Grasmere,Grasmere,GR55,Field,55,Triploid,Asex,GR55F,,#NULL!,#NULL!,#NULL!,#NULL!,DEAD
Grasmere,Grasmere,GR55,Field,55,Triploid,Asex,GR55G,,#NULL!,#NULL!,#NULL!,#NULL!,DEAD
Grasmere,Grasmere,GR55,Field,55,Triploid,Asex,GR55H,,#NULL!,#NULL!,#NULL!,#NULL!,DEAD
Grasmere,Grasmere,GR55,Field,55,Triploid,Asex,GR55D,GR55D-GB,5.796,221,0.016854,0.1348,GRANDBABY
Grasmere,Grasmere,GR55,Field,55,Triploid,Asex,GR55B,GR55B-GB,5.666,333,0.016216,0.0383,GRANDBABY
Grasmere,Grasmere,GR55,Field,55,Triploid,Asex,GR55C,GR55C-GB,6.134,338,0.041096,0.0231,GRANDBABY
Grasmere,Grasmere,GR55,Field,55,Triploid,Asex,GR55E,GR55E-GB,5.786,382,0.022059,0.0235,GRANDBABY
Grasmere,Grasmere,GR56,Field,56,Diploid,Sex,GR56A,,#NULL!,#NULL!,#NULL!,#NULL!,DEAD
Grasmere,Grasmere,GR56,Field,56,Diploid,Sex,GR56D,,#NULL!,#NULL!,0.037500,#NULL!,DEAD
Grasmere,Grasmere,GR56,Field,56,Diploid,Sex,GR56G,,#NULL!,#NULL!,#NULL!,#NULL!,DEAD
Grasmere,Grasmere,GR56,Field,56,Diploid,Sex,GR56H,,#NULL!,#NULL!,#NULL!,#NULL!,DEAD
Grasmere,Grasmere,GR56,Field,56,Diploid,Sex,GR56E,,#NULL!,#NULL!,#NULL!,#NULL!,DEAD
Grasmere,Grasmere,GR56,Field,56,Diploid,Sex,GR56C,GR56C-GB,4.489,189,#NULL!,#NULL!,GRANDBABY
Grasmere,Grasmere,GR56,Field,56,Diploid,Sex,GR56C,GR56C-GB,3.320,284,0.032609,0.0173,GRANDBABY
Grasmere,Grasmere,GR56,Field,56,Diploid,Sex,GR56D,GR56D-GB,4.238,438,0.008310,0.0550,GRANDBABY
Grasmere,Grasmere,GR57,Field,57,Triploid,Asex,GR57A,,#NULL!,#NULL!,0.039474,#NULL!,DEAD
Grasmere,Grasmere,GR57,Field,57,Triploid,Asex,GR57C,,#NULL!,#NULL!,#NULL!,#NULL!,DEAD
Grasmere,Grasmere,GR57,Field,57,Triploid,Asex,GR57G,,#NULL!,#NULL!,#NULL!,#NULL!,DEAD
Grasmere,Grasmere,GR57,Field,57,Triploid,Asex,GR57H,,#NULL!,#NULL!,#NULL!,#NULL!,DEAD
Grasmere,Grasmere,GR57,Field,57,Triploid,Asex,GR57E,GR57E-GB,5.128,240,0.024793,0.0431,GRANDBABY
Grasmere,Grasmere,GR57,Field,57,Triploid,Asex,GR57F,GR57F-GB,5.582,241,0.042254,#NULL!,GRANDBABY
Grasmere,Grasmere,GR57,Field,57,Triploid,Asex,GR57D,GR57D-GB,5.388,275,#NULL!,#NULL!,GRANDBABY
Grasmere,Grasmere,GR57,Field,57,Triploid,Asex,GR57B,GR57B-GB,5.366,320,0.021277,0.0300,GRANDBABY
Grasmere,Grasmere,GR59,Field,59,Triploid,Asex,GR59A,,#NULL!,#NULL!,#NULL!,#NULL!,DEAD
Grasmere,Grasmere,GR59,Field,59,Triploid,Asex,GR59A,,#NULL!,#NULL!,#NULL!,#NULL!,DEAD
Grasmere,Grasmere,GR59,Field,59,Triploid,Asex,GR59B,,#NULL!,#NULL!,#NULL!,#NULL!,DEAD
Grasmere,Grasmere,GR59,Field,59,Triploid,Asex,GR59B,,#NULL!,#NULL!,#NULL!,#NULL!,DEAD
Grasmere,Grasmere,GR59,Field,59,Triploid,Asex,GR59C,,#NULL!,#NULL!,#NULL!,#NULL!,DEAD
Grasmere,Grasmere,GR59,Field,59,Triploid,Asex,GR59D,,#NULL!,#NULL!,#NULL!,#NULL!,DEAD
Grasmere,Grasmere,GR59,Field,59,Triploid,Asex,GR59C,GR59C-GB,3.434,175,0.017857,0.4906,GRANDBABY
Grasmere,Grasmere,GR59,Field,59,Triploid,Asex,GR59H,GR59H-GB,5.919,182,#NULL!,#NULL!,GRANDBABY
Grasmere,Grasmere,GR59,Field,59,Triploid,Asex,GR59G,GR59G-GB,4.869,199,0.024194,0.0649,GRANDBABY
Grasmere,Grasmere,GR59,Field,59,Triploid,Asex,GR59F,GR59F-GB,5.721,231,0.024194,0.0535,GRANDBABY
Grasmere,Grasmere,GR59,Field,59,Triploid,Asex,GR59E,GR59E-GB,5.212,272,0.032967,0.0288,GRANDBABY
Grasmere,Grasmere,GR60,Field,60,Triploid,Asex,GR60D,,#NULL!,#NULL!,0.024590,#NULL!,DEAD
Grasmere,Grasmere,GR60,Field,60,Triploid,Asex,GR60E,,#NULL!,#NULL!,#NULL!,#NULL!,DEAD
Grasmere,Grasmere,GR60,Field,60,Triploid,Asex,GR60G,,#NULL!,#NULL!,#NULL!,#NULL!,DEAD
Grasmere,Grasmere,GR60,Field,60,Triploid,Asex,GR60B,GR60B-GB,5.602,182,0.026549,0.0812,GRANDBABY
Grasmere,Grasmere,GR60,Field,60,Triploid,Asex,GR60A,GR60A-GB,5.988,198,0.026549,0.0704,GRANDBABY
Grasmere,Grasmere,GR60,Field,60,Triploid,Asex,GR60C,GR60C-GB,5.768,222,0.028846,0.0489,GRANDBABY
Grasmere,Grasmere,GR60,Field,60,Triploid,Asex,GR60F,GR60F-GB,6.145,287,0.037975,0.0295,GRANDBABY
Grasmere,Grasmere,GR60,Field,60,Triploid,Asex,GR60H,GR60H-GB,5.848,467,0.009146,0.0421,GRANDBABY
Gunn,Gunn 03,GN3-184,Lab,184,Triploid,Asex,GN3-184A,,#NULL!,#NULL!,#NULL!,#NULL!,DEAD
Gunn,Gunn 03,GN3-184,Lab,184,Triploid,Asex,GN3-184G,GN3-184G-GB,6.229,190,0.037500,0.0566,GRANDBABY
Gunn,Gunn 03,GN3-184,Lab,184,Triploid,Asex,GN3-184E,GN3-184E-GB,5.802,195,0.034884,0.0532,GRANDBABY
Gunn,Gunn 03,GN3-184,Lab,184,Triploid,Asex,GN3-184D,GN3-184D-GB,6.025,202,0.032609,0.0548,GRANDBABY
Gunn,Gunn 03,GN3-184,Lab,184,Triploid,Asex,GN3-184H,GN3-184H-GB,6.235,222,0.022059,#NULL!,GRANDBABY
Gunn,Gunn 03,GN3-184,Lab,184,Triploid,Asex,GN3-184C,GN3-184A-GB,#NULL!,233,#NULL!,#NULL!,GRANDBABY
Gunn,Gunn 03,GN3-184,Lab,184,Triploid,Asex,GN3-184F,GN3-184F-GB,4.951,322,0.013636,0.0485,GRANDBABY
Gunn,Gunn 03,GN3-184,Lab,184,Triploid,Asex,GN3-184B,GN3-184B-GB,5.388,431,#NULL!,#NULL!,GRANDBABY
Gunn,Gunn02,GN2-151,Lab,151,Tetraploid,Asex,GN2-151A,,#NULL!,#NULL!,#NULL!,#NULL!,DEAD
Gunn,Gunn02,GN2-151,Lab,151,Tetraploid,Asex,GN2-151B,,#NULL!,#NULL!,#NULL!,#NULL!,DEAD
Gunn,Gunn02,GN2-151,Lab,151,Tetraploid,Asex,GN2-151C,,#NULL!,#NULL!,#NULL!,#NULL!,DEAD
Gunn,Gunn02,GN2-151,Lab,151,Tetraploid,Asex,GN2-151D,,#NULL!,#NULL!,#NULL!,#NULL!,DEAD
Gunn,Gunn02,GN2-151,Lab,151,Tetraploid,Asex,GN2-151F,,#NULL!,#NULL!,#NULL!,#NULL!,DEAD
Gunn,Gunn02,GN2-151,Lab,151,Tetraploid,Asex,GN2-151G,,#NULL!,#NULL!,#NULL!,#NULL!,DEAD
Gunn,Gunn02,GN2-151,Lab,151,Tetraploid,Asex,GN2-151H,,#NULL!,#NULL!,#NULL!,#NULL!,DEAD
Gunn,Gunn02,GN2-151,Lab,151,Tetraploid,Asex,GN2-151E,GN2-151E-GB,#NULL!,324,#NULL!,#NULL!,GRANDBABY
Gunn,Gunn06,GN6-152,Lab,152,Tetraploid,Asex,GN6-152A,,#NULL!,#NULL!,#NULL!,#NULL!,DEAD
Gunn,Gunn06,GN6-152,Lab,152,Tetraploid,Asex,GN6-152B,,#NULL!,#NULL!,#NULL!,#NULL!,DEAD
Gunn,Gunn06,GN6-152,Lab,152,Tetraploid,Asex,GN6-152D,,#NULL!,#NULL!,0.014706,#NULL!,DEAD
Gunn,Gunn06,GN6-152,Lab,152,Tetraploid,Asex,GN6-152G,,#NULL!,#NULL!,#NULL!,#NULL!,DEAD
Gunn,Gunn06,GN6-152,Lab,152,Tetraploid,Asex,GN6-152C,GN6-152C-GB,5.176,197,0.026316,0.0624,GRANDBABY
Gunn,Gunn06,GN6-152,Lab,152,Tetraploid,Asex,GN6-152E,GN6-152E-GB,5.192,227,0.021429,0.0597,GRANDBABY
Gunn,Gunn06,GN6-152,Lab,152,Tetraploid,Asex,GN6-152H,GN6-152H-GB,5.339,241,0.020979,0.0545,GRANDBABY
Gunn,Gunn06,GN6-152,Lab,152,Tetraploid,Asex,GN6-152F,GN6-152F-GB,5.213,249,0.016484,0.0778,GRANDBABY
Gunn,Gunn07,GN7-153,Lab,153,Tetraploid,Asex,GN7-153A,,#NULL!,#NULL!,#NULL!,#NULL!,DEAD
Gunn,Gunn07,GN7-153,Lab,153,Tetraploid,Asex,GN7-153B,,#NULL!,#NULL!,#NULL!,#NULL!,DEAD
Gunn,Gunn07,GN7-153,Lab,153,Tetraploid,Asex,GN7-153D,,#NULL!,#NULL!,#NULL!,#NULL!,DEAD
Gunn,Gunn07,GN7-153,Lab,153,Tetraploid,Asex,GN7-153E,,#NULL!,#NULL!,#NULL!,#NULL!,DEAD
Gunn,Gunn07,GN7-153,Lab,153,Tetraploid,Asex,GN7-153F,,#NULL!,#NULL!,#NULL!,#NULL!,DEAD
Gunn,Gunn07,GN7-153,Lab,153,Tetraploid,Asex,GN7-153H,,#NULL!,#NULL!,#NULL!,#NULL!,DEAD
Gunn,Gunn07,GN7-153,Lab,153,Tetraploid,Asex,GN7-153C,GN7-153C-FB,5.681,189,#NULL!,#NULL!,GRANDBABY
Gunn,Gunn07,GN7-153,Lab,153,Tetraploid,Asex,GN7-153G,GN7-153G-GB,5.273,217,0.032609,0.0422,GRANDBABY
Gunn,Gunn08,GN8-154,Lab,154,Tetraploid,Asex,GN8-154B,,#NULL!,#NULL!,#NULL!,#NULL!,DEAD
Gunn,Gunn08,GN8-154,Lab,154,Tetraploid,Asex,GN8-154E,,#NULL!,#NULL!,#NULL!,#NULL!,DEAD
Gunn,Gunn08,GN8-154,Lab,154,Tetraploid,Asex,GN8-154F,,#NULL!,#NULL!,#NULL!,#NULL!,DEAD
Gunn,Gunn08,GN8-154,Lab,154,Tetraploid,Asex,GN8-154G,,#NULL!,#NULL!,#NULL!,#NULL!,DEAD
Gunn,Gunn08,GN8-154,Lab,154,Tetraploid,Asex,GN8-154H,,#NULL!,#NULL!,0.016304,#NULL!,DEAD
Gunn,Gunn08,GN8-154,Lab,154,Tetraploid,Asex,GN8-154D,GN8-154D-GB,5.552,214,0.024590,0.0603,GRANDBABY
Gunn,Gunn08,GN8-154,Lab,154,Tetraploid,Asex,GN8-154A,GN8-154A-GB,5.553,249,0.021429,0.0509,GRANDBABY
Gunn,Gunn08,GN8-154,Lab,154,Tetraploid,Asex,GN8-154C,GN8-154C-GB,5.245,270,0.016216,0.0617,GRANDBABY
Gunn,Gunn09,GN9-155,Lab,155,Triploid,Asex,GN9-155H,GN9-155H-GB,3.548,154,0.036145,0.0500,GRANDBABY
Gunn,Gunn09,GN9-155,Lab,155,Triploid,Asex,GN9-155G,GN9-155G-GB,4.084,175,0.024000,0.0817,GRANDBABY
Gunn,Gunn09,GN9-155,Lab,155,Triploid,Asex,GN9-155E,GN9-155E-GB,3.588,201,0.019355,0.0780,GRANDBABY
Gunn,Gunn09,GN9-155,Lab,155,Triploid,Asex,GN9-155F,GN9-155F-GB,3.782,224,0.015707,0.1146,GRANDBABY
Gunn,Gunn10,GN10-156,Lab,156,Tetraploid,Asex,GN10-156A,,#NULL!,#NULL!,#NULL!,#NULL!,DEAD
Gunn,Gunn10,GN10-156,Lab,156,Tetraploid,Asex,GN10-156E,,#NULL!,#NULL!,#NULL!,#NULL!,DEAD
Gunn,Gunn10,GN10-156,Lab,156,Tetraploid,Asex,GN10-156D,GN10-156D-GB,5.259,252,0.017751,0.0634,GRANDBABY
Gunn,Gunn10,GN10-156,Lab,156,Tetraploid,Asex,GN10-156B,GN10-156B-GB,5.399,276,0.018405,0.0478,GRANDBABY
Gunn,Gunn10,GN10-156,Lab,156,Tetraploid,Asex,GN10-156C,GN10-156C-GB,4.984,287,0.016854,0.0457,GRANDBABY
Gunn,Gunn10,GN10-156,Lab,156,Tetraploid,Asex,GN10-156F,GN10-156F-GB,4.755,360,0.012658,0.0387,verify ploidy
Gunn,Gunn10,GN10-156,Lab,156,Tetraploid,Asex,GN10-156H,GN10-156H-GB,5.192,364,#NULL!,#NULL!,verify ploidy
Gunn,Gunn10,GN10-156,Lab,156,Tetraploid,Asex,GN10-156G,GN10-156G-GB,5.245,404,0.015957,0.0243,verify ploidy
Gunn,Gunn11,GN11-157,Lab,157,Tetraploid,Asex,GN11-157A,,#NULL!,#NULL!,#NULL!,#NULL!,DEAD
Gunn,Gunn11,GN11-157,Lab,157,Tetraploid,Asex,GN11-157D,,#NULL!,#NULL!,#NULL!,#NULL!,DEAD
Gunn,Gunn11,GN11-157,Lab,157,Tetraploid,Asex,GN11-157G,,#NULL!,#NULL!,#NULL!,#NULL!,DEAD
Gunn,Gunn11,GN11-157,Lab,157,Tetraploid,Asex,GN11-157E,,4.808,#NULL!,0.011538,#NULL!,DEAD
Gunn,Gunn11,GN11-157,Lab,157,Tetraploid,Asex,GN11-157H,GN11-157H-GB,5.240,214,0.020979,0.0738,GRANDBABY
Gunn,Gunn11,GN11-157,Lab,157,Tetraploid,Asex,GN11-157B,GN11-157B-GB,4.549,287,0.012821,0.0858,GRANDBABY
Gunn,Gunn11,GN11-157,Lab,157,Tetraploid,Asex,GN11-157C,GN11-157C-GB,4.974,296,0.019108,0.0358,GRANDBABY
Gunn,Gunn11,GN11-157,Lab,157,Tetraploid,Asex,GN11-157F,GN11-157F-GB,5.074,471,0.013216,0.0208,GRANDBABY
Gunn,Gunn12,GN12-158,Lab,158,Tetraploid,Asex,GN12-158B,,#NULL!,#NULL!,#NULL!,#NULL!,DEAD
Gunn,Gunn12,GN12-158,Lab,158,Tetraploid,Asex,GN12-158B,,#NULL!,#NULL!,#NULL!,#NULL!,DEAD
Gunn,Gunn12,GN12-158,Lab,158,Tetraploid,Asex,GN12-158B,,#NULL!,#NULL!,#NULL!,#NULL!,DEAD
Gunn,Gunn12,GN12-158,Lab,158,Tetraploid,Asex,GN12-158C,,#NULL!,#NULL!,0.012821,#NULL!,DEAD
Gunn,Gunn12,GN12-158,Lab,158,Tetraploid,Asex,GN12-158D,,#NULL!,#NULL!,#NULL!,#NULL!,DEAD
Gunn,Gunn12,GN12-158,Lab,158,Tetraploid,Asex,GN12-158E,,#NULL!,#NULL!,#NULL!,#NULL!,DEAD
Gunn,Gunn12,GN12-158,Lab,158,Tetraploid,Asex,GN12-158E,,#NULL!,#NULL!,#NULL!,#NULL!,DEAD
Gunn,Gunn12,GN12-158,Lab,158,Tetraploid,Asex,GN12-158G,,#NULL!,#NULL!,0.032609,#NULL!,DEAD
Gunn,Gunn12,GN12-158,Lab,158,Tetraploid,Asex,GN12-158H,,#NULL!,#NULL!,#NULL!,#NULL!,DEAD
Gunn,Gunn12,GN12-158,Lab,158,Tetraploid,Asex,GN12-158H,,#NULL!,#NULL!,#NULL!,#NULL!,DEAD
Gunn,Gunn12,GN12-158,Lab,158,Tetraploid,Asex,GN12-158A,,5.015,#NULL!,#NULL!,#NULL!,DEAD
Gunn,Gunn12,GN12-158,Lab,158,Tetraploid,Asex,GN12-158A,GN12-158A-GB,5.028,205,0.021127,0.0798,GRANDBABY
Gunn,Gunn12,GN12-158,Lab,158,Tetraploid,Asex,GN12-158F,GN12-158F,4.852,271,#NULL!,#NULL!,DEAD
Gunn,Gunn12,GN12-158,Lab,158,Tetraploid,Asex,GN12-158F,GN12-158F-GB,4.734,271,0.026549,0.0300,GRANDBABY
Gunn,Gunn12,GN12-158,Lab,158,Tetraploid,Asex,GN12-158D,GN12-158D-GB,4.776,299,#NULL!,#NULL!,GRANDBABY
Gunn,Gunn12,GN12-158,Lab,158,Tetraploid,Asex,GN12-158G,GN12-158G-GB,5.136,337,0.026316,0.0230,GRANDBABY
Gunn,Gunn12,GN12-158,Lab,158,Tetraploid,Asex,GN12-158C,GN12-158C-GB,5.014,359,0.038462,0.0178,GRANDBABY
Gunn,Gunn14,GN14-159,Lab,159,Tetraploid,Asex,GN14-159B,,#NULL!,#NULL!,#NULL!,#NULL!,DEAD
Gunn,Gunn14,GN14-159,Lab,159,Tetraploid,Asex,GN14-159C,,#NULL!,#NULL!,#NULL!,#NULL!,DEAD
Gunn,Gunn14,GN14-159,Lab,159,Tetraploid,Asex,GN14-159D,,#NULL!,#NULL!,#NULL!,#NULL!,DEAD
Gunn,Gunn14,GN14-159,Lab,159,Tetraploid,Asex,GN14-159F,,#NULL!,#NULL!,#NULL!,#NULL!,DEAD
Gunn,Gunn14,GN14-159,Lab,159,Tetraploid,Asex,GN14-159G,,#NULL!,#NULL!,0.019737,#NULL!,DEAD
Gunn,Gunn14,GN14-159,Lab,159,Tetraploid,Asex,GN14-159H,,#NULL!,#NULL!,#NULL!,#NULL!,DEAD
Gunn,Gunn14,GN14-159,Lab,159,Tetraploid,Asex,GN14-159A,GN14-159A-GB,5.158,248,0.017964,0.0637,GRANDBABY
Gunn,Gunn14,GN14-159,Lab,159,Tetraploid,Asex,GN14-159B,GN14-159B-GB,4.623,352,0.013761,0.0345,GRANDBABY
Gunn,Gunn14,GN14-159,Lab,159,Tetraploid,Asex,GN14-159E,GN14-159E-GB,5.528,383,0.010490,0.0570,GRANDBABY
Haupiri,Haupiri,,Field,121,Diploid,Sex,,,#NULL!,#NULL!,#NULL!,#NULL!,DEAD
Haupiri,Haupiri,HP124,Field,124,Tetraploid,Asex,HP124B,,#NULL!,#NULL!,#NULL!,#NULL!,DEAD
Haupiri,Haupiri,HP124,Field,124,Tetraploid,Asex,HP124D,,#NULL!,#NULL!,#NULL!,#NULL!,DEAD
Haupiri,Haupiri,HP124,Field,124,Tetraploid,Asex,HP124E,,#NULL!,#NULL!,#NULL!,#NULL!,DEAD
Haupiri,Haupiri,HP124,Field,124,Tetraploid,Asex,HP124F,,#NULL!,#NULL!,#NULL!,#NULL!,DEAD
Haupiri,Haupiri,HP124,Field,124,Tetraploid,Asex,HP124H,,#NULL!,#NULL!,#NULL!,#NULL!,DEAD
Haupiri,Haupiri,HP124,Field,124,Tetraploid,Asex,HP124C,HP124C-GB,4.291,301,0.018519,0.0309,GRANDBABY
Haupiri,Haupiri,HP124,Field,124,Tetraploid,Asex,HP124G,HP124G-GB,4.775,361,0.027778,0.0189,GRANDBABY
Haupiri,Haupiri,HP124,Field,124,Tetraploid,Asex,HP124A,HPI124A-GB,4.705,362,0.011538,0.0461,GRANDBABY
Haupiri,Haupiri,HP125,Field,125,Triploid,Asex,HP125B,,#NULL!,#NULL!,#NULL!,#NULL!,DEAD
Haupiri,Haupiri,HP125,Field,125,Triploid,Asex,HP125C,,#NULL!,#NULL!,#NULL!,#NULL!,DEAD
Haupiri,Haupiri,HP125,Field,125,Triploid,Asex,HP125D,,#NULL!,#NULL!,#NULL!,#NULL!,DEAD
Haupiri,Haupiri,HP125,Field,125,Triploid,Asex,HP125E,,#NULL!,#NULL!,#NULL!,#NULL!,DEAD
Haupiri,Haupiri,HP125,Field,125,Triploid,Asex,HP125F,,#NULL!,#NULL!,#NULL!,#NULL!,DEAD
Haupiri,Haupiri,HP125,Field,125,Triploid,Asex,HP125G,,#NULL!,#NULL!,#NULL!,#NULL!,DEAD
Haupiri,Haupiri,HP125,Field,125,Triploid,Asex,HP125H,,#NULL!,#NULL!,#NULL!,#NULL!,DEAD
Haupiri,Haupiri,HP125,Field,125,Triploid,Asex,HP125A,HP125A-GB,5.711,423,0.008772,0.0705,GRANDBABY
Haupiri,Haupiri,HP126,Field,126,Triploid,Asex,HP126B,,#NULL!,#NULL!,#NULL!,#NULL!,DEAD
Haupiri,Haupiri,HP126,Field,126,Triploid,Asex,HP126C,,#NULL!,#NULL!,#NULL!,#NULL!,DEAD
Haupiri,Haupiri,HP126,Field,126,Triploid,Asex,HP126D,,#NULL!,#NULL!,0.014706,#NULL!,DEAD
Haupiri,Haupiri,HP126,Field,126,Triploid,Asex,HP126E,,#NULL!,#NULL!,#NULL!,#NULL!,DEAD
Haupiri,Haupiri,HP126,Field,126,Triploid,Asex,HP126G,HP126G-GB,5.140,149,0.035294,0.0803,GRANDBABY
Haupiri,Haupiri,HP126,Field,126,Triploid,Asex,HP126H,HP126H-GB,5.453,336,0.012658,0.0551,GRANDBABY
Haupiri,Haupiri,HP126,Field,126,Triploid,Asex,HP126F,HP126F-GB,5.179,406,#NULL!,#NULL!,GRANDBABY
Haupiri,Haupiri,HP126,Field,126,Triploid,Asex,HP126A,HP126A-GB,4.850,628,0.005848,#NULL!,GRANDBABY
Haupiri,Haupiri,HP129,Field,129,Triploid,Asex,HP129A,,#NULL!,#NULL!,#NULL!,#NULL!,DEAD
Haupiri,Haupiri,HP129,Field,129,Triploid,Asex,HP129B,,#NULL!,#NULL!,#NULL!,#NULL!,DEAD
Haupiri,Haupiri,HP129,Field,129,Triploid,Asex,HP129E,,#NULL!,#NULL!,0.037500,#NULL!,DEAD
Haupiri,Haupiri,HP129,Field,129,Triploid,Asex,HP129G,,#NULL!,#NULL!,#NULL!,#NULL!,DEAD
Haupiri,Haupiri,HP129,Field,129,Triploid,Asex,HP129C,HP129C-GB,5.115,171,0.030928,0.0691,GRANDBABY
Haupiri,Haupiri,HP129,Field,129,Triploid,Asex,HP129D,HP129D-GB,#NULL!,187,#NULL!,#NULL!,GRANDBABY
Haupiri,Haupiri,HP129,Field,129,Triploid,Asex,HP129F,HP129F-GB,4.200,286,0.022059,0.0280,GRANDBABY
Haupiri,Haupiri,HP129,Field,129,Triploid,Asex,HP129H,HP129H-GB,4.471,324,0.022059,0.0238,GRANDBABY
Heron,Heron,HR61,Field,61,Triploid,Asex,HR61D,,#NULL!,#NULL!,#NULL!,#NULL!,DEAD
Heron,Heron,HR61,Field,61,Triploid,Asex,HR61F,,#NULL!,#NULL!,#NULL!,#NULL!,DEAD
Heron,Heron,HR61,Field,61,Triploid,Asex,HR61G,,#NULL!,#NULL!,#NULL!,#NULL!,DEAD
Heron,Heron,HR61,Field,61,Triploid,Asex,HR61H,,#NULL!,#NULL!,#NULL!,#NULL!,DEAD
Heron,Heron,HR61,Field,61,Triploid,Asex,HR61E,HR61E-GB,4.686,240,0.021898,0.0455,GRANDBABY
Heron,Heron,HR61,Field,61,Triploid,Asex,HR61D1,HR61D1-GB,4.731,250,0.013889,0.1391,GRANDBABY
Heron,Heron,HR61,Field,61,Triploid,Asex,HR61C,HR61C-GB,4.721,262,0.025424,0.0328,GRANDBABY
Heron,Heron,HR61,Field,61,Triploid,Asex,HR61E,HR61E-GB,5.027,306,0.023622,0.0281,GRANDBABY
Heron,Heron,HR61,Field,61,Triploid,Asex,HR61C,HR61C-GB,4.405,308,0.012876,0.0587,GRANDBABY
Heron,Heron,HR61,Field,61,Triploid,Asex,HR61B,HR61B-GB,4.584,335,0.014151,0.0373,GRANDBABY
Heron,Heron,HR61,Field,61,Triploid,Asex,HR61A,HR61A-GB,5.592,338,0.011152,0.0810,GRANDBABY
Heron,Heron,HR62,Field,62,Triploid,Asex,HR62B,,#NULL!,#NULL!,#NULL!,#NULL!,DEAD
Heron,Heron,HR62,Field,62,Triploid,Asex,HR62D,,#NULL!,#NULL!,0.026549,#NULL!,DEAD
Heron,Heron,HR62,Field,62,Triploid,Asex,HR62A,HR62A-GB,5.020,142,0.041096,0.0728,GRANDBABY
Heron,Heron,HR62,Field,62,Triploid,Asex,HR62C,HR62C-GB,5.051,161,0.030303,0.0815,GRANDBABY
Heron,Heron,HR62,Field,62,Triploid,Asex,HR62F,HR62F-GB,#NULL!,163,0.020000,#NULL!,GRANDBABY
Heron,Heron,HR62,Field,62,Triploid,Asex,HR62E,HR62E-GB,3.645,210,0.035294,0.0292,GRANDBABY
Heron,Heron,HR62,Field,62,Triploid,Asex,HR62H,HR62H-GB,4.327,254,0.020000,0.0416,GRANDBABY
Heron,Heron,HR62,Field,62,Triploid,Asex,HR62G,HR62G-GB,4.466,282,0.024590,0.0279,GRANDBABY
Heron,Heron,HR63,Field,63,Tetraploid,Asex,HR63H,,#NULL!,#NULL!,#NULL!,#NULL!,DEAD
Heron,Heron,HR63,Field,63,Tetraploid,Asex,HR63B,,4.844,#NULL!,0.018519,#NULL!,DEAD
Heron,Heron,HR63,Field,63,Tetraploid,Asex,HR63D,,#NULL!,#NULL!,#NULL!,#NULL!,DEAD
Heron,Heron,HR63,Field,63,Tetraploid,Asex,HR63E,HR63E-GB,5.081,152,0.025424,0.1494,GRANDBABY
Heron,Heron,HR63,Field,63,Tetraploid,Asex,HR63E,HR63E-GB,5.134,152,0.025424,#NULL!,GRANDBABY
Heron,Heron,HR63,Field,63,Tetraploid,Asex,HR63A,HR63A-GB,5.225,316,0.025862,0.0261,GRANDBABY
Heron,Heron,HR63,Field,63,Tetraploid,Asex,HR63F,HR63F-GB,5.119,366,0.028846,0.0195,GRANDBABY
Heron,Heron,HR63,Field,63,Tetraploid,Asex,HR63G,HR63G-GB,5.147,395,0.016393,0.0243,GRANDBABY
Heron,Heron,HR63,Field,63,Tetraploid,Asex,HR63C,HR63C-GB,6.325,406,0.028302,0.0211,GRANDBABY
Heron,Heron,HR64,Field,64,Triploid,Asex,HR64A,,#NULL!,#NULL!,#NULL!,#NULL!,DEAD
Heron,Heron,HR64,Field,64,Triploid,Asex,HR64B,,#NULL!,#NULL!,#NULL!,#NULL!,DEAD
Heron,Heron,HR64,Field,64,Triploid,Asex,HR64F,,#NULL!,#NULL!,#NULL!,#NULL!,DEAD
Heron,Heron,HR64,Field,64,Triploid,Asex,HR64H,HR64H-GB,5.215,201,0.023810,0.0695,GRANDBABY
Heron,Heron,HR64,Field,64,Triploid,Asex,HR64C,HR64C-GB,5.816,229,0.019608,0.0765,GRANDBABY
Heron,Heron,HR64,Field,64,Triploid,Asex,HR64A,HR64A-GB,5.568,250,0.022388,0.0480,GRANDBABY
Heron,Heron,HR64,Field,64,Triploid,Asex,HR64D,HR64D-GB,6.103,334,0.019608,0.0337,GRANDBABY
Heron,Heron,HR64,Field,64,Triploid,Asex,HR64E,HR64E-GB,6.046,334,0.019608,0.0334,GRANDBABY
Heron,Heron,HR64,Field,64,Triploid,Asex,HR64G,HR64G-GB,4.993,423,0.012658,0.0268,GRANDBABY
Heron,Heron,HR65,Field,65,Triploid,Asex,HR65D,,#NULL!,#NULL!,0.032609,#NULL!,DEAD
Heron,Heron,HR65,Field,65,Triploid,Asex,HR65A,HR65A-GB,5.474,252,0.025000,0.0415,GRANDBABY
Heron,Heron,HR65,Field,65,Triploid,Asex,HR65B,HR65B-GB,4.888,317,0.020000,0.0293,GRANDBABY
Heron,Heron,HR65,Field,65,Triploid,Asex,HR65C,HR65C-GB,5.323,332,0.019481,0.0299,GRANDBABY
Heron,Heron,HR66,Field,66,Triploid,Asex,HR66B,,#NULL!,#NULL!,#NULL!,#NULL!,DEAD
Heron,Heron,HR66,Field,66,Triploid,Asex,HR66C,,#NULL!,#NULL!,#NULL!,#NULL!,DEAD
Heron,Heron,HR66,Field,66,Triploid,Asex,HR66D,,#NULL!,#NULL!,#NULL!,#NULL!,DEAD
Heron,Heron,HR66,Field,66,Triploid,Asex,HR66E,,#NULL!,#NULL!,#NULL!,#NULL!,DEAD
Heron,Heron,HR66,Field,66,Triploid,Asex,HR66F,,#NULL!,#NULL!,#NULL!,#NULL!,DEAD
Heron,Heron,HR66,Field,66,Triploid,Asex,HR66G,,#NULL!,#NULL!,#NULL!,#NULL!,DEAD
Heron,Heron,HR66,Field,66,Triploid,Asex,HR66H,,#NULL!,#NULL!,#NULL!,#NULL!,DEAD
Heron,Heron,HR66,Field,66,Triploid,Asex,HR66A,HR66A1-GB,#NULL!,350,0.009119,#NULL!,GRANDBABY
Heron,Heron,HR66,Field,66,Triploid,Asex,HR66A,HR66A-GB,4.048,350,0.015152,0.0266,GRANDBABY
Heron,Heron,HR67,Field,67,Triploid,Asex,HR67A,,#NULL!,#NULL!,#NULL!,#NULL!,DEAD
Heron,Heron,HR67,Field,67,Triploid,Asex,HR67B,,#NULL!,#NULL!,#NULL!,#NULL!,DEAD
Heron,Heron,HR67,Field,67,Triploid,Asex,HR67C,,#NULL!,#NULL!,#NULL!,#NULL!,DEAD
Heron,Heron,HR67,Field,67,Triploid,Asex,HR67E,,#NULL!,#NULL!,#NULL!,#NULL!,DEAD
Heron,Heron,HR67,Field,67,Triploid,Asex,HR67F,HR67F-GB,6.106,218,0.025000,0.0623,GRANDBABY
Heron,Heron,HR67,Field,67,Triploid,Asex,HR67H,HR67H-GB,5.063,266,0.017964,0.0511,GRANDBABY
Heron,Heron,HR67,Field,67,Triploid,Asex,HR67D,HR67D-GB,5.654,288,0.017647,0.0479,GRANDBABY
Heron,Heron,HR68,Field,68,Triploid,Asex,HR68A,,#NULL!,#NULL!,#NULL!,#NULL!,DEAD
Heron,Heron,HR68,Field,68,Triploid,Asex,HR68C,,#NULL!,#NULL!,#NULL!,#NULL!,DEAD
Heron,Heron,HR68,Field,68,Triploid,Asex,HR68D,,#NULL!,#NULL!,#NULL!,#NULL!,DEAD
Heron,Heron,HR68,Field,68,Triploid,Asex,HR68E,,#NULL!,#NULL!,#NULL!,#NULL!,DEAD
Heron,Heron,HR68,Field,68,Triploid,Asex,HR68F,,#NULL!,#NULL!,#NULL!,#NULL!,DEAD
Heron,Heron,HR68,Field,68,Triploid,Asex,HR68H,,#NULL!,#NULL!,#NULL!,#NULL!,DEAD
Heron,Heron,HR68,Field,68,Triploid,Asex,HR68G,HR68G-GB,5.504,335,#NULL!,#NULL!,GRANDBABY
Heron,Heron,HR68,Field,68,Triploid,Asex,HR68B,HR68B-GB,4.412,538,0.008850,#NULL!,GRANDBABY
Heron,Heron,HR69,Field,69,Triploid,Asex,HR69A,HR69A-GB,4.921,683,0.008197,0.0155,GRANDBABY
Heron,Heron,HR70,Field,70,Triploid,Asex,HR70B,,#NULL!,#NULL!,#NULL!,#NULL!,DEAD
Heron,Heron,HR70,Field,70,Triploid,Asex,HR70D,,#NULL!,#NULL!,#NULL!,#NULL!,DEAD
Heron,Heron,HR70,Field,70,Triploid,Asex,HR70E,,#NULL!,#NULL!,#NULL!,#NULL!,DEAD
Heron,Heron,HR70,Field,70,Triploid,Asex,HR70F,,#NULL!,#NULL!,#NULL!,#NULL!,DEAD
Heron,Heron,HR70,Field,70,Triploid,Asex,HR70G,,#NULL!,#NULL!,#NULL!,#NULL!,DEAD
Heron,Heron,HR70,Field,70,Triploid,Asex,HR70H,,#NULL!,#NULL!,0.021277,#NULL!,DEAD
Heron,Heron,HR70,Field,70,Triploid,Asex,HR70C,HR70C-GB,#NULL!,187,#NULL!,#NULL!,GRANDBABY
Heron,Heron,HR70,Field,70,Triploid,Asex,HR70A,HR70A-GB,5.113,215,0.021277,#NULL!,GRANDBABY
Heron,Heron,HR72,Field,72,Triploid,Asex,HR72A,,#NULL!,#NULL!,#NULL!,#NULL!,DEAD
Heron,Heron,HR72,Field,72,Triploid,Asex,HR72B,,#NULL!,#NULL!,#NULL!,#NULL!,DEAD
Heron,Heron,HR72,Field,72,Triploid,Asex,HR72F,,#NULL!,#NULL!,#NULL!,#NULL!,DEAD
Heron,Heron,HR72,Field,72,Triploid,Asex,HR72F,,#NULL!,#NULL!,#NULL!,#NULL!,DEAD
Heron,Heron,HR72,Field,72,Triploid,Asex,HR72E,HR72E-GB,5.493,178,0.030928,0.0678,GRANDBABY
Heron,Heron,HR72,Field,72,Triploid,Asex,HR72H,HR72H-GB,5.340,341,0.014151,0.0414,GRANDBABY
Heron,Heron,HR72,Field,72,Triploid,Asex,HR72G,HR72G-GB,5.407,353,0.014354,0.0375,GRANDBABY
Heron,Heron,HR72,Field,72,Triploid,Asex,HR72D,HR72D-GB,5.288,361,0.033333,0.0195,GRANDBABY
Heron,Heron,HR72,Field,72,Triploid,Asex,HR72C,HR72C-GB,4.949,380,0.020270,0.0213,GRANDBABY
Heron,Heron,HR73,Field,73,Triploid,Asex,HR73A,,#NULL!,#NULL!,#NULL!,#NULL!,DEAD
Heron,Heron,HR73,Field,73,Triploid,Asex,HR73B,,#NULL!,#NULL!,#NULL!,#NULL!,DEAD
Heron,Heron,HR73,Field,73,Triploid,Asex,HR73C,,#NULL!,#NULL!,#NULL!,#NULL!,DEAD
Heron,Heron,HR73,Field,73,Triploid,Asex,HR73D,,#NULL!,#NULL!,#NULL!,#NULL!,DEAD
Heron,Heron,HR73,Field,73,Triploid,Asex,HR73E,,#NULL!,#NULL!,#NULL!,#NULL!,DEAD
Heron,Heron,HR73,Field,73,Triploid,Asex,HR73E,,#NULL!,#NULL!,#NULL!,#NULL!,DEAD
Heron,Heron,HR73,Field,73,Triploid,Asex,HR73F,HR73F-GB,4.781,210,0.030303,0.0431,GRANDBABY
Heron,Heron,HR73,Field,73,Triploid,Asex,HR73G,HR73G-GB,4.503,236,0.023622,0.0413,GRANDBABY
Heron,Heron,HR73,Field,73,Triploid,Asex,HR73H,HR73H-GB,4.670,254,0.016216,0.0677,GRANDBABY
Heron,Heron,HR73,Field,73,Triploid,Asex,HR73D,HR73D-GB,4.313,305,0.014085,0.0469,GRANDBABY
Heron,Heron,HR73,Field,73,Triploid,Asex,HR73C,HR73C-GB,4.885,334,0.013043,0.0470,GRANDBABY
Heron,Heron,HR74,Field,74,Triploid,Asex,HR74A,,#NULL!,#NULL!,#NULL!,#NULL!,DEAD
Heron,Heron,HR74,Field,74,Triploid,Asex,HR74B,,#NULL!,#NULL!,#NULL!,#NULL!,DEAD
Heron,Heron,HR74,Field,74,Triploid,Asex,HR74C,,#NULL!,#NULL!,#NULL!,#NULL!,DEAD
Heron,Heron,HR74,Field,74,Triploid,Asex,HR74D,,#NULL!,#NULL!,#NULL!,#NULL!,DEAD
Heron,Heron,HR74,Field,74,Triploid,Asex,HR74E,,#NULL!,#NULL!,#NULL!,#NULL!,DEAD
Heron,Heron,HR74,Field,74,Triploid,Asex,HR74G,,#NULL!,#NULL!,#NULL!,#NULL!,DEAD
Heron,Heron,HR74,Field,74,Triploid,Asex,HR74H,,#NULL!,#NULL!,#NULL!,#NULL!,DEAD
Heron,Heron,HR74,Field,74,Triploid,Asex,HR74F,HR74F-GB,4.272,301,#NULL!,#NULL!,GRANDBABY
Heron,Heron,HR75,Field,75,Triploid,Asex,HR75A,,#NULL!,#NULL!,#NULL!,#NULL!,DEAD
Heron,Heron,HR75,Field,75,Triploid,Asex,HR75D,,#NULL!,#NULL!,#NULL!,#NULL!,DEAD
Heron,Heron,HR75,Field,75,Triploid,Asex,HR75E,,#NULL!,#NULL!,#NULL!,#NULL!,DEAD
Heron,Heron,HR75,Field,75,Triploid,Asex,HR75F,,#NULL!,#NULL!,#NULL!,#NULL!,DEAD
Heron,Heron,HR75,Field,75,Triploid,Asex,HR75G,,#NULL!,#NULL!,#NULL!,#NULL!,DEAD
Heron,Heron,HR75,Field,75,Triploid,Asex,HR75H,HR75H-GB,#NULL!,231,0.019108,#NULL!,GRANDBABY
Heron,Heron,HR75,Field,75,Triploid,Asex,HR75C,HR75C-GB,5.265,236,0.018987,0.0675,GRANDBABY
Heron,Heron,HR75,Field,75,Triploid,Asex,HR75B,HR75B-GB,4.509,350,0.034483,0.0171,GRANDBABY
Heron,Heron,HR76,Field,76,Triploid,Asex,HR76A,,#NULL!,#NULL!,0.016216,#NULL!,DEAD
Heron,Heron,HR76,Field,76,Triploid,Asex,HR76C,,#NULL!,#NULL!,#NULL!,#NULL!,DEAD
Heron,Heron,HR76,Field,76,Triploid,Asex,HR76B,HR76B-GB,5.657,245,0.018293,0.0698,GRANDBABY
Heron,Heron,HR77,Field,77,Triploid,Asex,HR77A,,#NULL!,#NULL!,#NULL!,#NULL!,DEAD
Heron,Heron,HR77,Field,77,Triploid,Asex,HR77D,,#NULL!,#NULL!,#NULL!,#NULL!,DEAD
Heron,Heron,HR77,Field,77,Triploid,Asex,HR77E,,#NULL!,#NULL!,#NULL!,#NULL!,DEAD
Heron,Heron,HR77,Field,77,Triploid,Asex,HR77F,,#NULL!,#NULL!,#NULL!,#NULL!,DEAD
Heron,Heron,HR77,Field,77,Triploid,Asex,HR77G,,#NULL!,#NULL!,#NULL!,#NULL!,DEAD
Heron,Heron,HR77,Field,77,Triploid,Asex,HR77H,HR77H-GB,#NULL!,210,0.018405,#NULL!,GRANDBABY
Heron,Heron,HR78,Field,78,Triploid,Asex,HR78A,,#NULL!,#NULL!,#NULL!,#NULL!,DEAD
Heron,Heron,HR78,Field,78,Triploid,Asex,HR78A,,#NULL!,#NULL!,#NULL!,#NULL!,DEAD
Heron,Heron,HR78,Field,78,Triploid,Asex,HR78B,,#NULL!,#NULL!,#NULL!,#NULL!,DEAD
Heron,Heron,HR78,Field,78,Triploid,Asex,HR78B,,#NULL!,#NULL!,#NULL!,#NULL!,DEAD
Heron,Heron,HR78,Field,78,Triploid,Asex,HR78C,,#NULL!,#NULL!,#NULL!,#NULL!,DEAD
Heron,Heron,HR78,Field,78,Triploid,Asex,HR78C,,#NULL!,#NULL!,#NULL!,#NULL!,DEAD
Heron,Heron,HR78,Field,78,Triploid,Asex,HR78D,,#NULL!,#NULL!,#NULL!,#NULL!,DEAD
Heron,Heron,HR78,Field,78,Triploid,Asex,HR78D,,#NULL!,#NULL!,#NULL!,#NULL!,DEAD
Heron,Heron,HR78,Field,78,Triploid,Asex,HR78E,,#NULL!,#NULL!,#NULL!,#NULL!,DEAD
Heron,Heron,HR78,Field,78,Triploid,Asex,HR78F,,#NULL!,#NULL!,#NULL!,#NULL!,DEAD
Heron,Heron,HR78,Field,78,Triploid,Asex,HR78F,,#NULL!,#NULL!,#NULL!,#NULL!,DEAD
Heron,Heron,HR78,Field,78,Triploid,Asex,HR78G,,#NULL!,#NULL!,#NULL!,#NULL!,DEAD
Heron,Heron,HR78,Field,78,Triploid,Asex,HR78G,,#NULL!,#NULL!,#NULL!,#NULL!,DEAD
Heron,Heron,HR78,Field,78,Triploid,Asex,HR78H,,#NULL!,#NULL!,#NULL!,#NULL!,DEAD
Heron,Heron,HR78,Field,78,Triploid,Asex,HR78H,HR78H-GB,5.080,219,0.025862,0.0493,GRANDBABY
Heron,Heron,HR79,Field,79,Triploid,Asex,HR79A,,#NULL!,#NULL!,#NULL!,#NULL!,DEAD
Heron,Heron,HR79,Field,79,Triploid,Asex,HR79B,,#NULL!,#NULL!,#NULL!,#NULL!,DEAD
Heron,Heron,HR79,Field,79,Triploid,Asex,HR79C,,#NULL!,#NULL!,#NULL!,#NULL!,DEAD
Heron,Heron,HR79,Field,79,Triploid,Asex,HR79D,,#NULL!,#NULL!,#NULL!,#NULL!,DEAD
Heron,Heron,HR79,Field,79,Triploid,Asex,HR79F,,#NULL!,#NULL!,#NULL!,#NULL!,DEAD
Heron,Heron,HR79,Field,79,Triploid,Asex,HR79H,,#NULL!,#NULL!,#NULL!,#NULL!,DEAD
Heron,Heron,HR79,Field,79,Triploid,Asex,HR79E,HR79E-GB,5.318,196,0.022727,0.0831,GRANDBABY
Heron,Heron,HR79,Field,79,Triploid,Asex,HR79G,HR79G-GB,4.467,259,0.017241,0.0526,GRANDBABY
Heron,Heron,HR80,Field,80,Triploid,Asex,HR80A,,#NULL!,#NULL!,#NULL!,#NULL!,DEAD
Heron,Heron,HR80,Field,80,Triploid,Asex,HR80B,,#NULL!,#NULL!,#NULL!,#NULL!,DEAD
Heron,Heron,HR80,Field,80,Triploid,Asex,HR80C,,#NULL!,#NULL!,#NULL!,#NULL!,DEAD
Heron,Heron,HR80,Field,80,Triploid,Asex,HR80G,,#NULL!,#NULL!,#NULL!,#NULL!,DEAD
Heron,Heron,HR80,Field,80,Triploid,Asex,HR80H,,#NULL!,#NULL!,#NULL!,#NULL!,DEAD
Heron,Heron,HR80,Field,80,Triploid,Asex,HR80D,HR80D-GB,5.127,196,0.026549,0.0618,GRANDBABY
Heron,Heron,HR80,Field,80,Triploid,Asex,HR80EI,HR80EI-GB,4.843,203,0.022222,0.0712,GRANDBABY
Heron,Heron,HR80,Field,80,Triploid,Asex,HR80E,HR80E-GB,4.906,224,0.026786,#NULL!,GRANDBABY
Heron,Heron,HR80,Field,80,Triploid,Asex,HR80E,HR80E-GB,5.417,224,0.025424,0.0511,GRANDBABY
Kaniere,Kaniere01,KN141,Lab,141,Triploid,Asex,KN141D,,#NULL!,#NULL!,#NULL!,#NULL!,DEAD
Kaniere,Kaniere01,KN141,Lab,141,Triploid,Asex,KN141F,,#NULL!,#NULL!,#NULL!,#NULL!,DEAD
Kaniere,Kaniere01,KN141,Lab,141,Triploid,Asex,KN141A,KN141A-GB,5.122,177,0.028302,0.0721,GRANDBABY
Kaniere,Kaniere01,KN141,Lab,141,Triploid,Asex,KN141E,KN141E-GB,5.565,198,0.031915,0.0535,GRANDBABY
Kaniere,Kaniere01,KN141,Lab,141,Triploid,Asex,KN141B,KN141B-GB,5.375,210,0.023622,0.0648,GRANDBABY
Kaniere,Kaniere01,KN141,Lab,141,Triploid,Asex,KN141C,KN141C-GB,5.903,223,0.021277,0.0720,GRANDBABY
Kaniere,Kaniere01,KN141,Lab,141,Triploid,Asex,KN141H,KN141H-GB,5.280,224,0.017143,0.1078,GRANDBABY
Kaniere,Kaniere01,KN141,Lab,141,Triploid,Asex,KN141H1,KN141H1-GB,5.159,226,0.020548,0.0645,GRANDBABY
Kaniere,Kaniere01,KN141,Lab,141,Triploid,Asex,KN141G,KN141G-GB,5.564,243,0.016575,0.0897,GRANDBABY
Kaniere,Kaniere04,KN181,Lab,181,Triploid,Asex,KN181G,,#NULL!,#NULL!,#NULL!,#NULL!,DEAD
Kaniere,Kaniere04,KN181,Lab,181,Triploid,Asex,KN181H,,#NULL!,#NULL!,#NULL!,#NULL!,DEAD
Kaniere,Kaniere04,KN181,Lab,181,Triploid,Asex,KN181E1,KN181E1-GB,5.400,238,0.016949,0.0885,GRANDBABY
Kaniere,Kaniere04,KN181,Lab,181,Triploid,Asex,KN181E,KN181E-GB,4.674,240,0.016304,0.0835,GRANDBABY
Kaniere,Kaniere04,KN181,Lab,181,Triploid,Asex,KN181F,KN181F-GB,4.852,243,0.017544,0.0674,GRANDBABY
Kaniere,Kaniere04,KN181,Lab,181,Triploid,Asex,KN181B,KN181B-GB,5.465,244,0.017045,0.0804,GRANDBABY
Kaniere,Kaniere04,KN181,Lab,181,Triploid,Asex,KN181A,KN181A-GB,5.408,259,0.014634,0.1001,GRANDBABY
Kaniere,Kaniere04,KN181,Lab,181,Triploid,Asex,KN181F,KN181F-GB,5.713,285,0.012931,0.1078,GRANDBABY
Kaniere,Kaniere04,KN181,Lab,181,Triploid,Asex,KN181D,KN181D-GB,5.359,292,#NULL!,#NULL!,GRANDBABY
Kaniere,Kaniere04,KN181,Lab,181,Triploid,Asex,KN181C,KN181C-GB,5.453,306,0.011858,0.1029,GRANDBABY
Okareka,Okareka01,OK1-160,Lab,160,Triploid,Asex,OK1-160A,,#NULL!,#NULL!,#NULL!,#NULL!,DEAD
Okareka,Okareka01,OK1-160,Lab,160,Triploid,Asex,OK1-160H,,#NULL!,#NULL!,#NULL!,#NULL!,DEAD
Okareka,Okareka01,OK1-160,Lab,160,Triploid,Asex,OK1-160B,OK1-160B-GB,4.318,190,0.018634,0.1489,GRANDBABY
Okareka,Okareka01,OK1-160,Lab,160,Triploid,Asex,OK1-160F,OK1-160F-GB,4.921,204,#NULL!,#NULL!,GRANDBABY
Okareka,Okareka01,OK1-160,Lab,160,Triploid,Asex,OK1-160E,OK1-160E-GB,4.302,235,0.020979,0.0468,GRANDBABY
Okareka,Okareka01,OK1-160,Lab,160,Triploid,Asex,OK1-160G,OK1-160G-GB,4.581,241,0.024793,0.0382,GRANDBABY
Okareka,Okareka02,OK2-161,Lab,161,Triploid,Asex,OK2-161A,,#NULL!,#NULL!,#NULL!,#NULL!,DEAD
Okareka,Okareka02,OK2-161,Lab,161,Triploid,Asex,OK2-161B,,#NULL!,#NULL!,#NULL!,#NULL!,DEAD
Okareka,Okareka02,OK2-161,Lab,161,Triploid,Asex,OK2-161C,,#NULL!,#NULL!,#NULL!,#NULL!,DEAD
Okareka,Okareka02,OK2-161,Lab,161,Triploid,Asex,OK2-161E,,#NULL!,#NULL!,#NULL!,#NULL!,DEAD
Okareka,Okareka02,OK2-161,Lab,161,Triploid,Asex,OK2-161F,,#NULL!,#NULL!,#NULL!,#NULL!,DEAD
Okareka,Okareka02,OK2-161,Lab,161,Triploid,Asex,OK2-161H,,#NULL!,#NULL!,#NULL!,#NULL!,DEAD
Okareka,Okareka02,OK2-161,Lab,161,Triploid,Asex,OK2-161G,OK2-161G-GB,4.570,175,0.024590,0.0862,GRANDBABY
Okareka,Okareka02,OK2-161,Lab,161,Triploid,Asex,OK2-161D,OK2-161D-GB,4.803,200,0.024590,0.0616,GRANDBABY
Okareka,Okareka05,OK5-162,Lab,162,Triploid,Asex,OK5-162A,,#NULL!,#NULL!,#NULL!,#NULL!,DEAD
Okareka,Okareka05,OK5-162,Lab,162,Triploid,Asex,OK5-162B,,#NULL!,#NULL!,#NULL!,#NULL!,DEAD
Okareka,Okareka05,OK5-162,Lab,162,Triploid,Asex,OK5-162C,,#NULL!,#NULL!,#NULL!,#NULL!,DEAD
Okareka,Okareka05,OK5-162,Lab,162,Triploid,Asex,OK5-162D,,#NULL!,#NULL!,#NULL!,#NULL!,DEAD
Okareka,Okareka05,OK5-162,Lab,162,Triploid,Asex,OK5-162E,,#NULL!,#NULL!,#NULL!,#NULL!,DEAD
Okareka,Okareka05,OK5-162,Lab,162,Triploid,Asex,OK5-162G,,#NULL!,#NULL!,#NULL!,#NULL!,DEAD
Okareka,Okareka05,OK5-162,Lab,162,Triploid,Asex,OK5-162F,OK5-162F-GB,4.480,280,0.029703,0.0250,GRANDBABY
Okareka,Okareka05,OK5-162,Lab,162,Triploid,Asex,OK5-162H,OK5-162H-GB,4.712,352,0.016393,0.0279,GRANDBABY
Okareka,Okareka08,OK8-163,Lab,163,Triploid,Asex,OK8-163A,,#NULL!,#NULL!,0.019481,#NULL!,DEAD
Okareka,Okareka08,OK8-163,Lab,163,Triploid,Asex,OK8-163B,,#NULL!,#NULL!,#NULL!,#NULL!,DEAD
Okareka,Okareka08,OK8-163,Lab,163,Triploid,Asex,OK8-163C,,#NULL!,#NULL!,#NULL!,#NULL!,DEAD
Okareka,Okareka08,OK8-163,Lab,163,Triploid,Asex,OK8-163D,,#NULL!,#NULL!,#NULL!,#NULL!,DEAD
Okareka,Okareka08,OK8-163,Lab,163,Triploid,Asex,OK8-163F,,#NULL!,#NULL!,#NULL!,#NULL!,DEAD
Okareka,Okareka08,OK8-163,Lab,163,Triploid,Asex,OK8-163H,,#NULL!,#NULL!,#NULL!,#NULL!,DEAD
Okareka,Okareka08,OK8-163,Lab,163,Triploid,Asex,OK8-163A,OK8-163A-GB,#NULL!,286,0.038462,#NULL!,GRANDBABY
Okareka,Okareka08,OK8-163,Lab,163,Triploid,Asex,OK8-163G,OK8-163G-GB,#NULL!,294,0.016575,#NULL!,GRANDBABY
Okareka,Okareka08,OK8-163,Lab,163,Triploid,Asex,OK8-163E,OK8-163E-GB,#NULL!,313,0.019355,#NULL!,GRANDBABY
Poerua,Poerua02,PO2-167,Lab,167,Triploid,Asex,PO2-167A,,#NULL!,#NULL!,#NULL!,#NULL!,DEAD
Poerua,Poerua02,PO2-167,Lab,167,Triploid,Asex,PO2-167B,,#NULL!,#NULL!,#NULL!,#NULL!,DEAD
Poerua,Poerua02,PO2-167,Lab,167,Triploid,Asex,PO2-167C,,#NULL!,#NULL!,#NULL!,#NULL!,DEAD
Poerua,Poerua02,PO2-167,Lab,167,Triploid,Asex,PO2-167D,,#NULL!,#NULL!,#NULL!,#NULL!,DEAD
Poerua,Poerua02,PO2-167,Lab,167,Triploid,Asex,PO2-167H,,#NULL!,#NULL!,#NULL!,#NULL!,DEAD
Poerua,Poerua02,PO2-167,Lab,167,Triploid,Asex,PO2-167G,PO2-167G-GB,4.298,217,0.018519,0.0781,GRANDBABY
Poerua,Poerua02,PO2-167,Lab,167,Triploid,Asex,PO2-167F,PO2-167F-GB,5.941,303,0.022388,0.0352,GRANDBABY
Poerua,Poerua02,PO2-167,Lab,167,Triploid,Asex,PO2-167E,PO2-167E-GB,5.622,305,0.017544,0.0420,GRANDBABY
Poerua,Poerua03,PO3-168,Lab,168,Triploid,Asex,PO3-168A,,#NULL!,#NULL!,#NULL!,#NULL!,DEAD
Poerua,Poerua03,PO3-168,Lab,168,Triploid,Asex,PO3-168B,,#NULL!,#NULL!,#NULL!,#NULL!,DEAD
Poerua,Poerua03,PO3-168,Lab,168,Triploid,Asex,PO3-168C,,#NULL!,#NULL!,#NULL!,#NULL!,DEAD
Poerua,Poerua03,PO3-168,Lab,168,Triploid,Asex,PO3-168D,,#NULL!,#NULL!,#NULL!,#NULL!,DEAD
Poerua,Poerua03,PO3-168,Lab,168,Triploid,Asex,PO3-168F,,#NULL!,#NULL!,#NULL!,#NULL!,DEAD
Poerua,Poerua03,PO3-168,Lab,168,Triploid,Asex,PO3-168G,,#NULL!,#NULL!,#NULL!,#NULL!,DEAD
Poerua,Poerua03,PO3-168,Lab,168,Triploid,Asex,PO3-168H,,#NULL!,#NULL!,#NULL!,#NULL!,DEAD
Poerua,Poerua03,PO3-168,Lab,168,Triploid,Asex,PO3-168E,PO3-168E-GB,4.403,225,0.017544,0.0815,GRANDBABY
Poerua,Poerua72,PO72-186,Lab,186,Tetraploid,Asex,PO72-186B,,#NULL!,#NULL!,#NULL!,#NULL!,DEAD
Poerua,Poerua72,PO72-186,Lab,186,Tetraploid,Asex,PO72-186C,,#NULL!,#NULL!,#NULL!,#NULL!,DEAD
Poerua,Poerua72,PO72-186,Lab,186,Tetraploid,Asex,PO72-186D,,#NULL!,#NULL!,0.021898,#NULL!,DEAD
Poerua,Poerua72,PO72-186,Lab,186,Tetraploid,Asex,PO72-186H,,#NULL!,#NULL!,0.023256,#NULL!,DEAD
Poerua,Poerua72,PO72-186,Lab,186,Tetraploid,Asex,PO72-186F,PO72-186F-GB,5.572,154,0.024590,0.1741,GRANDBABY
Poerua,Poerua72,PO72-186,Lab,186,Tetraploid,Asex,PO72-186G,PO72-186G-GB,4.905,184,0.030000,0.0584,GRANDBABY
Poerua,Poerua72,PO72-186,Lab,186,Tetraploid,Asex,PO72-186D,PO72-186D-GB,4.726,207,0.022556,0.0639,GRANDBABY
Poerua,Poerua72,PO72-186,Lab,186,Tetraploid,Asex,PO72-186A,PO72-186A-GB,4.600,210,0.020000,0.0767,GRANDBABY
Poerua,Poerua72,PO72-186,Lab,186,Tetraploid,Asex,PO72-186E,PO72-186E-GB,4.666,218,0.019108,0.0765,GRANDBABY
Poerua,Poerua72,PO72-186,Lab,186,Tetraploid,Asex,PO72-186E,PO72-186E-GB,4.168,277,0.019481,0.0339,GRANDBABY
Poerua,Poerua74,PO74-187,Lab,187,Tetraploid,Asex,PO74-187A,,#NULL!,#NULL!,#NULL!,#NULL!,DEAD
Poerua,Poerua74,PO74-187,Lab,187,Tetraploid,Asex,PO74-187D,PO74-187D-GB,5.759,137,0.035714,0.1087,GRANDBABY
Poerua,Poerua74,PO74-187,Lab,187,Tetraploid,Asex,PO74-187F,PO74-187F-GB,6.378,140,0.039474,0.0997,GRANDBABY
Poerua,Poerua74,PO74-187,Lab,187,Tetraploid,Asex,PO74-187G,PO74-187H-GB,5.527,145,0.042254,0.0747,GRANDBABY
Poerua,Poerua74,PO74-187,Lab,187,Tetraploid,Asex,PO74-187E1,PO74-187E1-GB,5.204,147,0.036145,0.0813,GRANDBABY
Poerua,Poerua74,PO74-187,Lab,187,Tetraploid,Asex,PO74-187E,PO74-187E-GB,5.163,151,0.034483,0.0807,GRANDBABY
Poerua,Poerua74,PO74-187,Lab,187,Tetraploid,Asex,PO74-187D,PO74-187D-GB,5.987,154,0.037500,0.0809,GRANDBABY
Poerua,Poerua74,PO74-187,Lab,187,Tetraploid,Asex,PO74-187C,PO74-187C-GB,5.964,159,0.035714,0.0795,GRANDBABY
Poerua,Poerua74,PO74-187,Lab,187,Tetraploid,Asex,PO74-187H,PO72-186H-GB,4.956,161,0.032609,0.0718,GRANDBABY
Poerua,Poerua74,PO74-187,Lab,187,Tetraploid,Asex,PO74-187B,PO74-187B-GB,6.046,209,#NULL!,#NULL!,GRANDBABY
Poerua,Poerua92,PO92-188,Lab,188,Triploid,Asex,PO92-188C,,#NULL!,#NULL!,#NULL!,#NULL!,DEAD
Poerua,Poerua92,PO92-188,Lab,188,Triploid,Asex,PO92-188E,PO95-188E-GB,6.054,176,#NULL!,#NULL!,GRANDBABY
Poerua,Poerua92,PO92-188,Lab,188,Triploid,Asex,PO92-188G,PO92-188G-GB,4.339,236,0.018293,0.0603,GRANDBABY
Poerua,Poerua92,PO92-188,Lab,188,Triploid,Asex,PO92-188B,PO92-188B-GB,4.642,255,0.016575,0.0627,GRANDBABY
Poerua,Poerua92,PO92-188,Lab,188,Triploid,Asex,PO92-188D,PO92-188D-GB,3.855,261,0.017544,0.0428,GRANDBABY
Poerua,Poerua92,PO92-188,Lab,188,Triploid,Asex,PO92-188A,PO92-188A-GB,#NULL!,312,0.016216,#NULL!,GRANDBABY
Poerua,Poerua92,PO92-188,Lab,188,Triploid,Asex,PO92-188F,PO92-188F-GB,5.388,320,#NULL!,#NULL!,GRANDBABY
Poerua,Poerua95,PO95-189,Lab,189,Triploid,Asex,PO95-189E,,#NULL!,#NULL!,#NULL!,#NULL!,DEAD
Poerua,Poerua95,PO95-189,Lab,189,Triploid,Asex,PO95-189B,,#NULL!,#NULL!,#NULL!,#NULL!,DEAD
Poerua,Poerua95,PO95-189,Lab,189,Triploid,Asex,PO95-189F,PO95-189F-GB,6.399,164,0.028846,0.1067,GRANDBABY
Poerua,Poerua95,PO95-189,Lab,189,Triploid,Asex,PO95-189H,PO95-189H-GB,5.161,184,0.027778,0.0679,GRANDBABY
Poerua,Poerua95,PO92-188,Lab,189,Triploid,Asex,PO95-189H,PO95-188H-GB,5.276,188,0.025424,0.0754,GRANDBABY
Poerua,Poerua95,PO95-189,Lab,189,Triploid,Asex,PO95-189G,PO95-189G-GB,4.734,192,0.022388,0.0816,GRANDBABY
Poerua,Poerua95,PO95-189,Lab,189,Triploid,Asex,PO95-189A,PO95-189A-GB,6.056,211,0.025000,0.0665,GRANDBABY
Poerua,Poerua95,PO95-189,Lab,189,Triploid,Asex,PO95-189D,PO95-189D-GB,5.697,218,0.020000,0.0838,GRANDBABY
Poerua,Poerua95,PO95-189,Lab,189,Triploid,Asex,PO95-189C,PO95-189C-GB,5.486,289,0.022388,0.0354,GRANDBABY
Rotoiti,Rotoiti02,RI2-170,Lab,170,Tetraploid,Asex,RI2-170E,RI2-170E-GB,4.298,159,0.026549,0.0934,GRANDBABY
Rotoiti,Rotoiti02,RI2-170,Lab,170,Tetraploid,Asex,RI2-170D,RI2-170D-GB,4.009,177,0.023256,0.0835,GRANDBABY
Rotoiti,Rotoiti02,RI2-170,Lab,170,Tetraploid,Asex,RI2-170F,RI2-170F-GB,4.455,177,#NULL!,#NULL!,GRANDBABY
Rotoiti,Rotoiti02,RI2-170,Lab,170,Tetraploid,Asex,RI2-170H,RI2-170H-GB,4.257,201,0.019355,0.0925,GRANDBABY
Rotoiti,Rotoiti02,RI2-170,Lab,170,Tetraploid,Asex,RI2-170C,RI2-170C-GB,3.188,215,0.019355,0.0531,GRANDBABY
Rotoiti,Rotoiti02,RI2-170,Lab,170,Tetraploid,Asex,RI2-170G,RI2-170G-GB,3.858,233,0.014706,0.1330,GRANDBABY
Rotoiti,Rotoiti02,RI2-170,Lab,170,Tetraploid,Asex,RI2-170B,RI2-170B-GB,4.206,352,0.025000,0.0181,GRANDBABY
Rotoiti,Rotoiti02,RI2-170,Lab,170,Tetraploid,Asex,RI2-170A,RI2-170A-GB,6.378,383,#NULL!,#NULL!,GRANDBABY
Rotoiti,Rotoiti02,RI2-173,Lab,173,Tetraploid,Asex,RI2-173D,,#NULL!,#NULL!,0.007772,#NULL!,DEAD
Rotoiti,Rotoiti02,RI2-173,Lab,173,Tetraploid,Asex,RI2-173A,,#NULL!,#NULL!,#NULL!,#NULL!,DEAD
Rotoiti,Rotoiti02,RI2-173,Lab,173,Tetraploid,Asex,RI2-173B,,#NULL!,#NULL!,#NULL!,#NULL!,DEAD
Rotoiti,Rotoiti02,RI2-173,Lab,173,Tetraploid,Asex,RI2-173C,,#NULL!,#NULL!,#NULL!,#NULL!,DEAD
Rotoiti,Rotoiti02,RI2-173,Lab,173,Tetraploid,Asex,RI2-173E,RI2-173E-GB,3.890,161,0.023622,0.1144,GRANDBABY
Rotoiti,Rotoiti02,RI2-173,Lab,173,Tetraploid,Asex,RI2-173D,RI2-173D-GB,3.050,311,#NULL!,#NULL!,GRANDBABY
Rotoiti,Rotoiti03,RI3-164,Lab,164,Triploid,Asex,RI3-164C,,#NULL!,#NULL!,#NULL!,#NULL!,DEAD
Rotoiti,Rotoiti03,RI3-164,Lab,164,Triploid,Asex,RI3-164D,,#NULL!,#NULL!,#NULL!,#NULL!,DEAD
Rotoiti,Rotoiti03,RI3-164,Lab,164,Triploid,Asex,RI3-164F,,#NULL!,#NULL!,#NULL!,#NULL!,DEAD
Rotoiti,Rotoiti03,RI3-164,Lab,164,Triploid,Asex,RI3-164B,,4.169,#NULL!,#NULL!,#NULL!,DEAD
Rotoiti,Rotoiti03,RI3-164,Lab,164,Triploid,Asex,RI3-164G,RI3-164G-GB,#NULL!,294,#NULL!,#NULL!,GRANDBABY
Rotoiti,Rotoiti03,RI3-164,Lab,164,Triploid,Asex,RI3-164H,RI3-164H-GB,4.182,312,0.013216,0.0492,GRANDBABY
Rotoiti,Rotoiti03,RI3-164,Lab,164,Triploid,Asex,RI3-164A,RI3-164A-GB,4.299,315,0.019355,0.0269,GRANDBABY
Rotoiti,Rotoiti03,RI3-164,Lab,164,Triploid,Asex,RI3-164E,RI3-164E-GB,4.590,346,0.013889,0.0353,GRANDBABY
Rotoiti,Rotoiti04,RI4-171,Lab,171,Tetraploid,Asex,RI4-171C,,#NULL!,#NULL!,#NULL!,#NULL!,DEAD
Rotoiti,Rotoiti04,RI4-171,Lab,171,Tetraploid,Asex,RI4-171D,,#NULL!,#NULL!,#NULL!,#NULL!,DEAD
Rotoiti,Rotoiti04,RI4-171,Lab,171,Triploid,Asex,RI4-171A,,#NULL!,#NULL!,0.029126,#NULL!,DEAD
Rotoiti,Rotoiti04,RI4-171,Lab,171,Tetraploid,Asex,RI4-171B,RI4-171B-GB,4.618,171,0.027027,0.0770,GRANDBABY
Rotoiti,Rotoiti04,RI4-171,Lab,171,Tetraploid,Asex,RI4-171A,RI4-171A-GB,5.414,175,0.029703,0.0732,GRANDBABY
Rotoiti,Rotoiti05,RI5-172,Lab,172,Tetraploid,Asex,RI5-172C,,#NULL!,#NULL!,0.024000,#NULL!,DEAD
Rotoiti,Rotoiti05,RI5-172,Lab,172,Tetraploid,Asex,RI5-172H,RI5-172H-GB,4.203,140,0.038462,0.0678,GRANDBABY
Rotoiti,Rotoiti05,RI5-172,Lab,172,Tetraploid,Asex,RI5-172E,RI5-172E-GB,#NULL!,173,0.028846,#NULL!,GRANDBABY
Rotoiti,Rotoiti05,RI5-172,Lab,172,Tetraploid,Asex,RI5-172B,RI5-172D-GB,3.431,189,0.017964,0.1560,GRANDBABY
Rotoiti,Rotoiti05,RI5-172,Lab,172,Tetraploid,Asex,RI5-172F,RI5-172F-GB,3.578,189,0.019608,0.0994,GRANDBABY
Rotoiti,Rotoiti05,RI5-172,Lab,172,Tetraploid,Asex,RI5-172D,RI5-172D-GB,3.635,205,0.021277,0.0568,GRANDBABY
Rotoiti,Rotoiti05,RI5-172,Lab,172,Tetraploid,Asex,RI5-172G,RI5-172G-GB,3.341,224,0.022059,0.0380,GRANDBABY
Rotoiti,Rotoiti05,RI5-172,Lab,172,Tetraploid,Asex,RI5-172A,RI5-172A-GB,4.281,226,0.015625,0.1259,GRANDBABY
Rotoiti,Rotoiti06,RI6-165,Lab,165,Tetraploid,Asex,RI6-165A,,#NULL!,#NULL!,#NULL!,#NULL!,DEAD
Rotoiti,Rotoiti06,RI6-165,Lab,165,Tetraploid,Asex,RI6-165B,,#NULL!,#NULL!,#NULL!,#NULL!,DEAD
Rotoiti,Rotoiti06,RI6-165,Lab,165,Tetraploid,Asex,RI6-165C,,#NULL!,#NULL!,#NULL!,#NULL!,DEAD
Rotoiti,Rotoiti06,RI6-165,Lab,165,Tetraploid,Asex,RI6-165D,,#NULL!,#NULL!,#NULL!,#NULL!,DEAD
Rotoiti,Rotoiti06,RI6-165,Lab,165,Tetraploid,Asex,RI6-165E,,#NULL!,#NULL!,#NULL!,#NULL!,DEAD
Rotoiti,Rotoiti06,RI6-165,Lab,165,Tetraploid,Asex,RI6-165F,,#NULL!,#NULL!,#NULL!,#NULL!,DEAD
Rotoiti,Rotoiti06,RI6-165,Lab,165,Tetraploid,Asex,RI6-165G,,#NULL!,#NULL!,#NULL!,#NULL!,DEAD
Rotoiti,Rotoiti06,RI6-165,Lab,165,Tetraploid,Asex,RI6-165H,,#NULL!,#NULL!,#NULL!,#NULL!,DEAD
Rotoiti,Rotoiti09,RI9-166,Lab,166,Tetraploid,Asex,RI9-166A,,#NULL!,#NULL!,#NULL!,#NULL!,DEAD
Rotoiti,Rotoiti09,RI9-166,Lab,166,Tetraploid,Asex,RI9-166B,,#NULL!,#NULL!,#NULL!,#NULL!,DEAD
Rotoiti,Rotoiti09,RI9-166,Lab,166,Tetraploid,Asex,RI9-166C,,#NULL!,#NULL!,#NULL!,#NULL!,DEAD
Rotoiti,Rotoiti09,RI9-166,Lab,166,Tetraploid,Asex,RI9-166D,,#NULL!,#NULL!,#NULL!,#NULL!,DEAD
Rotoiti,Rotoiti09,RI9-166,Lab,166,Tetraploid,Asex,RI9-166E,,#NULL!,#NULL!,#NULL!,#NULL!,DEAD
Rotoiti,Rotoiti09,RI9-166,Lab,166,Tetraploid,Asex,RI9-166F,,#NULL!,#NULL!,#NULL!,#NULL!,DEAD
Rotoiti,Rotoiti09,RI9-166,Lab,166,Tetraploid,Asex,RI9-166G,,#NULL!,#NULL!,#NULL!,#NULL!,DEAD
Rotoiti,Rotoiti09,RI9-166,Lab,166,Tetraploid,Asex,RI9-166H,,#NULL!,#NULL!,#NULL!,#NULL!,DEAD
Rotoroa,RotoroaShallow,RS83,Field,83,Triploid,Asex,RS83A,,#NULL!,#NULL!,#NULL!,#NULL!,DEAD
Rotoroa,RotoroaShallow,RS83,Field,83,Triploid,Asex,RS83C,,#NULL!,#NULL!,#NULL!,#NULL!,DEAD
Rotoroa,RotoroaShallow,RS83,Field,83,Triploid,Asex,RS83D,,#NULL!,#NULL!,#NULL!,#NULL!,DEAD
Rotoroa,RotoroaShallow,RS83,Field,83,Triploid,Asex,RS83F,,#NULL!,#NULL!,#NULL!,#NULL!,DEAD
Rotoroa,RotoroaShallow,RS83,Field,83,Triploid,Asex,RS83H,,#NULL!,#NULL!,0.019108,#NULL!,DEAD
Rotoroa,RotoroaShallow,RS83,Field,83,Triploid,Asex,RS83G,RS83G-GB,4.981,338,0.016854,0.0311,GRANDBABY
Rotoroa,RotoroaShallow,RS83,Field,83,Triploid,Asex,RS83E,RS83E-GB,5.045,348,0.013761,0.0388,GRANDBABY
Rotoroa,RotoroaShallow,RS83,Field,83,Triploid,Asex,RS83B,RS83B-GB,4.045,350,0.011538,0.0449,GRANDBABY
Rotoroa,RotoroaShallow,RS88,Field,88,Triploid,Asex,RS88A,,#NULL!,#NULL!,0.007752,#NULL!,DEAD
Rotoroa,RotoroaShallow,RS88,Field,88,Triploid,Asex,RS88B,,#NULL!,#NULL!,#NULL!,#NULL!,DEAD
Rotoroa,RotoroaShallow,RS88,Field,88,Triploid,Asex,RS88C,,#NULL!,#NULL!,#NULL!,#NULL!,DEAD
Rotoroa,RotoroaShallow,RS88,Field,88,Triploid,Asex,RS88E,,#NULL!,#NULL!,#NULL!,#NULL!,DEAD
Rotoroa,RotoroaShallow,RS88,Field,88,Triploid,Asex,RS88F,,#NULL!,#NULL!,#NULL!,#NULL!,DEAD
Rotoroa,RotoroaShallow,RS88,Field,88,Triploid,Asex,RS88G,,#NULL!,#NULL!,#NULL!,#NULL!,DEAD
Rotoroa,RotoroaShallow,RS88,Field,88,Triploid,Asex,RS88D,RS88D-GB,5.237,252,0.015625,0.0873,GRANDBABY
Rotoroa,RotoroaShallow,RS88,Field,88,Triploid,Asex,RS88H,RS88H-GB,4.610,320,0.016575,0.0332,GRANDBABY
Rotoroa,RotoroaShallow,,Field,91,Triploid,Asex,,,#NULL!,#NULL!,#NULL!,#NULL!,DEAD
Rotoroa,RotoroaShallow,RS93,Field,93,Diploid,Sex,RS93A,,#NULL!,#NULL!,#NULL!,#NULL!,DEAD
Rotoroa,RotoroaShallow,RS93,Field,93,Diploid,Sex,RS93B,,#NULL!,#NULL!,#NULL!,#NULL!,DEAD
Rotoroa,RotoroaShallow,RS93,Field,93,Diploid,Sex,RS93C,,#NULL!,#NULL!,#NULL!,#NULL!,DEAD
Rotoroa,RotoroaShallow,RS93,Field,93,Diploid,Sex,RS93D,,#NULL!,#NULL!,#NULL!,#NULL!,DEAD
Rotoroa,RotoroaShallow,RS93,Field,93,Diploid,Sex,RS93G,,#NULL!,#NULL!,#NULL!,#NULL!,DEAD
Rotoroa,RotoroaShallow,RS93,Field,93,Diploid,Sex,RS93H,,#NULL!,#NULL!,#NULL!,#NULL!,DEAD
Rotoroa,RotoroaShallow,RS93,Field,93,Diploid,Sex,RS93F,RS93F-GB,5.222,306,#NULL!,#NULL!,GRANDBABY
Rotoroa,RotoroaShallow,RS93,Field,93,Diploid,Sex,RS93E,RS93E-GB,3.962,329,0.013636,0.0363,GRANDBABY
Rotoroa,RotoroaShallow,RS97,Field,97,Triploid,Asex,RS97A,,#NULL!,#NULL!,#NULL!,#NULL!,DEAD
Rotoroa,RotoroaShallow,RS97,Field,97,Triploid,Asex,RS97F,,#NULL!,#NULL!,#NULL!,#NULL!,DEAD
Rotoroa,RotoroaShallow,RS97,Field,97,Triploid,Asex,RS97G,,#NULL!,#NULL!,#NULL!,#NULL!,DEAD
Rotoroa,RotoroaShallow,RS97,Field,97,Triploid,Asex,RS97H,RS97H-GB,4.651,248,0.019608,0.0490,GRANDBABY
Rotoroa,RotoroaShallow,RS97,Field,97,Triploid,Asex,RS97B,RS97B-GB,5.543,249,0.019108,0.0603,GRANDBABY
Rotoroa,RotoroaShallow,RS97,Field,97,Triploid,Asex,RS97E,RS97E-GB,4.694,263,#NULL!,#NULL!,GRANDBABY
Rotoroa,RotoroaShallow,RS97,Field,97,Triploid,Asex,RS97D,RS97D-GB,4.889,273,0.016304,0.0549,GRANDBABY
Rotoroa,RotoroaShallow,RS97,Field,97,Triploid,Asex,RS97C,RS97C-GB,4.596,359,0.015075,0.0287,GRANDBABY
Rotoroa,RotoroaShallow,RS98,Field,98,Triploid,Asex,RS98A,,#NULL!,#NULL!,#NULL!,#NULL!,DEAD
Rotoroa,RotoroaShallow,RS98,Field,98,Triploid,Asex,RS98C,,#NULL!,#NULL!,#NULL!,#NULL!,DEAD
Rotoroa,RotoroaShallow,RS98,Field,98,Triploid,Asex,RS98E,,#NULL!,#NULL!,#NULL!,#NULL!,DEAD
Rotoroa,RotoroaShallow,RS98,Field,98,Triploid,Asex,RS98F,,#NULL!,#NULL!,#NULL!,#NULL!,DEAD
Rotoroa,RotoroaShallow,RS98,Field,98,Triploid,Asex,RS98G,,#NULL!,#NULL!,#NULL!,#NULL!,DEAD
Rotoroa,RotoroaShallow,RS98,Field,98,Triploid,Asex,RS98H,,#NULL!,#NULL!,#NULL!,#NULL!,DEAD
Rotoroa,RotoroaShallow,RS98,Field,98,Triploid,Asex,RS98D,RS98D-GB,4.947,322,0.018182,0.0315,GRANDBABY
Rotoroa,RotoroaShallow,RS98,Field,98,Triploid,Asex,RS98B,RS98B-GB,4.200,334,0.015385,0.0302,GRANDBABY
Selfe,Selfe,S103,Field,103,Triploid,Asex,S103C,,#NULL!,#NULL!,#NULL!,#NULL!,DEAD
Selfe,Selfe,S103,Field,103,Triploid,Asex,S103G,,#NULL!,#NULL!,#NULL!,#NULL!,DEAD
Selfe,Selfe,S103,Field,103,Triploid,Asex,S103H,,#NULL!,#NULL!,#NULL!,#NULL!,DEAD
Selfe,Selfe,S103,Field,103,Triploid,Asex,S103A,,#NULL!,#NULL!,#NULL!,#NULL!,DEAD
Selfe,Selfe,S103,Field,103,Triploid,Asex,S103E,S103E-GB,4.905,212,0.014493,#NULL!,GRANDBABY
Selfe,Selfe,S103,Field,103,Triploid,Asex,S103F,S103F-GB,4.673,217,0.014778,0.3338,GRANDBABY
Selfe,Selfe,S103,Field,103,Triploid,Asex,S103E,S103E-GB,4.728,218,0.022388,#NULL!,GRANDBABY
Selfe,Selfe,S103,Field,103,Triploid,Asex,S103D,S103D-GB,4.258,252,0.013333,0.1577,GRANDBABY
Selfe,Selfe,S103,Field,103,Triploid,Asex,S103G,S103G-GB,4.949,320,0.027778,0.0233,GRANDBABY
Selfe,Selfe,S103,Field,103,Triploid,Asex,S103F,S103F-GB,5.053,350,0.010204,0.0902,GRANDBABY
Selfe,Selfe,S106,Field,106,Diploid,Sex,S106A,,#NULL!,#NULL!,#NULL!,#NULL!,DEAD
Selfe,Selfe,S106,Field,106,Diploid,Sex,S106B,,#NULL!,#NULL!,#NULL!,#NULL!,DEAD
Selfe,Selfe,S106,Field,106,Diploid,Sex,S106C,,#NULL!,#NULL!,#NULL!,#NULL!,DEAD
Selfe,Selfe,S106,Field,106,Diploid,Sex,S106D,,#NULL!,#NULL!,#NULL!,#NULL!,DEAD
Selfe,Selfe,S106,Field,106,Diploid,Sex,S106E,,#NULL!,#NULL!,#NULL!,#NULL!,DEAD
Selfe,Selfe,S106,Field,106,Diploid,Sex,S106E,,#NULL!,#NULL!,#NULL!,#NULL!,DEAD
Selfe,Selfe,S106,Field,106,Diploid,Sex,S106F,,#NULL!,#NULL!,#NULL!,#NULL!,DEAD
Selfe,Selfe,S106,Field,106,Diploid,Sex,S106G,,#NULL!,#NULL!,#NULL!,#NULL!,DEAD
Selfe,Selfe,S106,Field,106,Diploid,Sex,S106H,,#NULL!,#NULL!,#NULL!,#NULL!,DEAD
Selfe,Selfe,S109,Field,109,Triploid,Asex,S109A,,#NULL!,#NULL!,#NULL!,#NULL!,DEAD
Selfe,Selfe,S109,Field,109,Triploid,Asex,S109B,S109B-GB,4.343,177,0.027778,0.0629,GRANDBABY
Selfe,Selfe,S109,Field,109,Triploid,Asex,S109F,S109F-GB,5.071,179,#NULL!,#NULL!,GRANDBABY
Selfe,Selfe,S109,Field,109,Triploid,Asex,S109D,S109D-GB,4.883,182,#NULL!,#NULL!,GRANDBABY
Selfe,Selfe,S109,Field,109,Triploid,Asex,S109I,S109I-GB,4.366,197,#NULL!,#NULL!,GRANDBABY
Selfe,Selfe,S109,Field,109,Triploid,Asex,S109G,S109G-GB,#NULL!,205,#NULL!,#NULL!,GRANDBABY
Selfe,Selfe,S109,Field,109,Triploid,Asex,S109C,S109C-GB,4.691,210,#NULL!,#NULL!,GRANDBABY
Selfe,Selfe,S109,Field,109,Triploid,Asex,S109H,S109H-GB,4.559,407,0.012821,#NULL!,GRANDBABY
Selfe,Selfe,S109,Field,109,Triploid,Asex,S109E,S109E-GB,4.952,434,0.026087,0.0155,GRANDBABY
Selfe,Selfe,S112,Field,112,Diploid,Sex,S112A,,#NULL!,#NULL!,#NULL!,#NULL!,DEAD
Selfe,Selfe,S112,Field,112,Diploid,Sex,S112B,,#NULL!,#NULL!,0.019355,#NULL!,DEAD
Selfe,Selfe,S112,Field,112,Diploid,Sex,S112C,,#NULL!,#NULL!,#NULL!,#NULL!,DEAD
Selfe,Selfe,S112,Field,112,Diploid,Sex,S112D,,#NULL!,#NULL!,#NULL!,#NULL!,DEAD
Selfe,Selfe,S112,Field,112,Diploid,Sex,S112E,,#NULL!,#NULL!,#NULL!,#NULL!,DEAD
Selfe,Selfe,S112,Field,112,Diploid,Sex,S112F,,#NULL!,#NULL!,#NULL!,#NULL!,DEAD
Selfe,Selfe,S112,Field,112,Diploid,Sex,S112H,,#NULL!,#NULL!,#NULL!,#NULL!,DEAD
Selfe,Selfe,S112,Field,112,Diploid,Sex,S112G,S112G-GB,4.403,277,0.020979,0.0329,GRANDBABY
Selfe,Selfe,S113,Field,113,Triploid,Asex,S113A,,#NULL!,#NULL!,#NULL!,#NULL!,DEAD
Selfe,Selfe,S113,Field,113,Triploid,Asex,S113B,,#NULL!,#NULL!,#NULL!,#NULL!,DEAD
Selfe,Selfe,S113,Field,113,Triploid,Asex,S113C,,#NULL!,#NULL!,#NULL!,#NULL!,DEAD
Selfe,Selfe,S113,Field,113,Triploid,Asex,S113D,,#NULL!,#NULL!,#NULL!,#NULL!,DEAD
Selfe,Selfe,S113,Field,113,Triploid,Asex,S113D,,#NULL!,#NULL!,0.016216,#NULL!,DEAD
Selfe,Selfe,S113,Field,113,Triploid,Asex,S113E,,#NULL!,#NULL!,#NULL!,#NULL!,DEAD
Selfe,Selfe,S113,Field,113,Triploid,Asex,S113A,S113A-GB,4.233,642,0.008043,0.0157,GRANDBABY
Selfe,Selfe,S115,Field,115,Triploid,Asex,S115A,,#NULL!,#NULL!,0.013043,#NULL!,DEAD
Selfe,Selfe,S115,Field,115,Triploid,Asex,S115D,,#NULL!,#NULL!,#NULL!,#NULL!,DEAD
Selfe,Selfe,S115,Field,115,Triploid,Asex,S115E,,#NULL!,#NULL!,#NULL!,#NULL!,DEAD
Selfe,Selfe,S115,Field,115,Triploid,Asex,S115G,,#NULL!,#NULL!,#NULL!,#NULL!,DEAD
Selfe,Selfe,S115,Field,115,Triploid,Asex,S115B,S115B-GB,5.086,228,#NULL!,#NULL!,GRANDBABY
Selfe,Selfe,S115,Field,115,Triploid,Asex,S115F,S115F-GB,4.774,297,0.023810,0.0279,GRANDBABY
Selfe,Selfe,S115,Field,115,Triploid,Asex,S115C,S115C-GB,4.755,312,0.021898,0.0272,GRANDBABY
Selfe,Selfe,S115,Field,115,Triploid,Asex,S115H,S115H-GB,3.959,324,0.026087,0.0189,GRANDBABY
Selfe,Selfe,S115,Field,115,Triploid,Asex,S115A,S115A-GB,#NULL!,595,0.007634,#NULL!,GRANDBABY
Selfe,Selfe,S116,Field,116,Triploid,Asex,S116A,,#NULL!,#NULL!,#NULL!,#NULL!,DEAD
Selfe,Selfe,S116,Field,116,Triploid,Asex,S116B,,#NULL!,#NULL!,#NULL!,#NULL!,DEAD
Selfe,Selfe,S116,Field,116,Triploid,Asex,S116D,,#NULL!,#NULL!,#NULL!,#NULL!,DEAD
Selfe,Selfe,S116,Field,116,Triploid,Asex,S116E,,#NULL!,#NULL!,#NULL!,#NULL!,DEAD
Selfe,Selfe,S116,Field,116,Triploid,Asex,S116F,,#NULL!,#NULL!,#NULL!,#NULL!,DEAD
Selfe,Selfe,S116,Field,116,Triploid,Asex,S116G,,#NULL!,#NULL!,#NULL!,#NULL!,DEAD
Selfe,Selfe,S116,Field,116,Triploid,Asex,S116H,,#NULL!,#NULL!,#NULL!,#NULL!,DEAD
Selfe,Selfe,S116,Field,116,Triploid,Asex,S116C,S116C-GB,#NULL!,164,0.019355,#NULL!,GRANDBABY
Selfe,Selfe,S120,Field,120,Diploid,Sex,S120F,,#NULL!,#NULL!,#NULL!,#NULL!,DEAD
Selfe,Selfe,S120,Field,120,Diploid,Sex,S120H,,#NULL!,#NULL!,0.011952,#NULL!,DEAD
Selfe,Selfe,S120,Field,120,Diploid,Sex,S120B,,#NULL!,#NULL!,#NULL!,#NULL!,DEAD
Selfe,Selfe,S120,Field,120,Diploid,Sex,S120C,,#NULL!,#NULL!,#NULL!,#NULL!,DEAD
Selfe,Selfe,S120,Field,120,Diploid,Sex,S120E,,#NULL!,#NULL!,#NULL!,#NULL!,DEAD
Selfe,Selfe,S120,Field,120,Diploid,Sex,S120G,,#NULL!,#NULL!,#NULL!,#NULL!,DEAD
Selfe,Selfe,S120,Field,120,Diploid,Sex,S120C,S120C-GB,3.971,333,0.018293,0.0235,GRANDBABY
Selfe,Selfe,S120,Field,120,Diploid,Sex,S120A,S120A-GB,4.170,336,0.018519,0.0240,GRANDBABY
Selfe,Selfe,S120,Field,120,Diploid,Sex,S120D,S120D-GB,4.145,406,0.024590,0.0146,GRANDBABY
Taupo,Taupo04,TP4-150,Lab,150,Triploid,Asex,TP4-150A,,#NULL!,#NULL!,#NULL!,#NULL!,DEAD
Taupo,Taupo04,TP4-150,Lab,150,Triploid,Asex,TP4-150B,,#NULL!,#NULL!,#NULL!,#NULL!,DEAD
Taupo,Taupo04,TP4-150,Lab,150,Triploid,Asex,TP4-150C,,#NULL!,#NULL!,#NULL!,#NULL!,DEAD
Taupo,Taupo04,TP4-150,Lab,150,Triploid,Asex,TP4-150D,,#NULL!,#NULL!,#NULL!,#NULL!,DEAD
Taupo,Taupo04,TP4-150,Lab,150,Triploid,Asex,TP4-150E,,#NULL!,#NULL!,#NULL!,#NULL!,DEAD
Taupo,Taupo04,TP4-150,Lab,150,Triploid,Asex,TP4-150F,,#NULL!,#NULL!,#NULL!,#NULL!,DEAD
Taupo,Taupo04,TP4-150,Lab,150,Triploid,Asex,TP4-150G,,#NULL!,#NULL!,#NULL!,#NULL!,DEAD
Taupo,Taupo04,TP4-150,Lab,150,Triploid,Asex,TP4-150H,,#NULL!,#NULL!,#NULL!,#NULL!,DEAD
Taylor,Taylor04,Ty4-149,Lab,149,Triploid,Asex,Ty4-149A,,#NULL!,#NULL!,#NULL!,#NULL!,DEAD
Taylor,Taylor04,Ty4-149,Lab,149,Triploid,Asex,TY4-149D,,#NULL!,#NULL!,#NULL!,#NULL!,DEAD
Taylor,Taylor04,Ty4-149,Lab,149,Triploid,Asex,TY4-149E,,#NULL!,#NULL!,#NULL!,#NULL!,DEAD
Taylor,Taylor04,Ty4-149,Lab,149,Triploid,Asex,TY4-149F,,#NULL!,#NULL!,#NULL!,#NULL!,DEAD
Taylor,Taylor04,Ty4-149,Lab,149,Triploid,Asex,TY4-149G,,#NULL!,#NULL!,#NULL!,#NULL!,DEAD
Taylor,Taylor04,Ty4-149,Lab,149,Triploid,Asex,TY4-149H,,#NULL!,#NULL!,#NULL!,#NULL!,DEAD
Taylor,Taylor04,Ty4-149,Lab,149,Triploid,Asex,TY4-149B,TY4-149B-GB,4.456,158,0.026549,0.0990,GRANDBABY
Taylor,Taylor04,Ty4-149,Lab,149,Triploid,Asex,TY4-149B1,TY4-149B1-GB,5.075,161,0.032609,0.0736,GRANDBABY
Taylor,Taylor04,Ty4-149,Lab,149,Triploid,Asex,TY4-149C,TY4-149C-GB,4.629,210,0.023622,0.0558,GRANDBABY
Waikaremoana,Waikaremoana01,WK1-148,Lab,148,Triploid,Asex,WK1-148A,,#NULL!,#NULL!,#NULL!,#NULL!,DEAD
Waikaremoana,Waikaremoana01,WK1-148,Lab,148,Triploid,Asex,WK1-148C,,#NULL!,#NULL!,0.026786,#NULL!,DEAD
Waikaremoana,Waikaremoana01,WK1-148,Lab,148,Triploid,Asex,WK1-148D,,#NULL!,#NULL!,#NULL!,#NULL!,DEAD
Waikaremoana,Waikaremoana01,WK1-148,Lab,148,Triploid,Asex,WK1-148F,WK1-148 F-GB,5.198,140,0.027778,0.1624,GRANDBABY
Waikaremoana,Waikaremoana01,WK1-148,Lab,148,Triploid,Asex,WK1-148B,WK1-148B-GB,#NULL!,153,0.028571,#NULL!,GRANDBABY
Waikaremoana,Waikaremoana01,WK1-148,Lab,148,Triploid,Asex,WK1-148G,WK1-148G-GB,#NULL!,197,0.020979,#NULL!,GRANDBABY
Waikaremoana,Waikaremoana01,WK1-148,Lab,148,Triploid,Asex,WK1-148H,WK1-148H-GB,4.916,200,0.020979,0.0862,GRANDBABY
Waikaremoana,Waikaremoana01,WK1-148,Lab,148,Triploid,Asex,WK1-148E,WK1-148E-GB,4.646,234,#NULL!,#NULL!,GRANDBABY
